2025-08-14 13:54:35,315 | INFO | \U0001f4c2 Watching for Excel/CSV files...
2025-08-14 13:54:37,337 | INFO | \U0001f4c4 Detected file: ATTENDANCE REPORT.xlsx
2025-08-14 13:54:45,915 | INFO | \u2705 Message generated.
2025-08-14 13:54:55,916 | ERROR | \u26a0\ufe0f Could not delete input file: [WinError 2] The system cannot find the file specified: 'C:\\AttendanceAutomation\\Input\\ATTENDANCE REPORT.xlsx'
2025-08-14 13:56:05,469 | INFO | \u2705 WhatsApp message sent.
2025-08-14 13:56:07,470 | INFO | \u267b\ufe0f Reset processed file list (folder empty)
2025-08-14 13:58:18,449 | INFO | \U0001f4c4 Detected file: ATTENDANCE REPORT.xlsx
2025-08-14 13:58:25,588 | INFO | \u2705 Message generated.
2025-08-14 13:58:35,589 | ERROR | \u26a0\ufe0f Could not delete input file: [WinError 2] The system cannot find the file specified: 'C:\\AttendanceAutomation\\Input\\ATTENDANCE REPORT.xlsx'
2025-08-14 13:59:25,320 | INFO | \u2705 WhatsApp message sent.
2025-08-14 13:59:27,321 | INFO | \u267b\ufe0f Reset processed file list (folder empty)
2025-08-14 14:03:38,630 | INFO | \U0001f4c2 Watching for Excel/CSV files...
2025-08-14 15:37:10,685 | INFO | \U0001f4c2 Watching for Excel/CSV files...
2025-08-17 21:24:53,391 | INFO | \U0001f4c2 Watching for Excel/CSV files...
2025-08-19 13:37:20,485 | INFO | \U0001f4c2 Watching for Excel/CSV files...
2025-08-19 13:48:28,357 | INFO | \U0001f4c2 Watching for Excel/CSV files...
2025-08-21 10:53:55,179 | INFO | \U0001f4c2 Watching for Excel/CSV files...
2025-08-21 21:19:04,378 | INFO | \U0001f4c2 Watching for Excel/CSV files...
2025-08-24 20:11:00,016 | INFO | \U0001f4c2 Watching for Excel/CSV files...
2025-08-25 12:51:07,275 | INFO | \U0001f4c2 Watching for Excel/CSV files...
2025-08-27 19:40:00,736 | INFO | \U0001f4c2 Watching for Excel/CSV files...
2025-08-28 15:08:22,760 | INFO | \U0001f4c2 Watching for Excel/CSV files...
2025-08-28 16:11:41,712 | INFO | \U0001f4c2 Watching for Excel/CSV files...
2025-08-29 09:33:13,127 | INFO | \U0001f4c2 Watching for Excel/CSV files...
2025-08-29 21:31:52,634 | INFO | \U0001f4c2 Watching for Excel/CSV files...
2025-08-30 09:44:38,875 | INFO | \U0001f4c2 Watching for Excel/CSV files...
2025-08-30 13:35:25,042 | INFO | \U0001f4c2 Watching for Excel/CSV files...
2025-08-30 14:15:16,768 | INFO | \U0001f4c4 Detected file: ATTENDANCE REPORT.xlsx
2025-08-30 14:15:27,420 | INFO | \u2705 Message generated.
2025-08-30 14:15:37,422 | ERROR | \u26a0\ufe0f Could not delete input file: [WinError 2] The system cannot find the file specified: 'C:\\AttendanceAutomation\\Input\\ATTENDANCE REPORT.xlsx'
2025-08-30 14:15:58,382 | INFO | \u2705 WhatsApp message sent.
2025-08-30 14:16:00,391 | INFO | \u267b\ufe0f Reset processed file list (folder empty)
2025-08-30 19:32:27,877 | INFO | \U0001f4c2 Watching for Excel/CSV files...
2025-08-31 19:09:14,529 | INFO | \U0001f4c2 Watching for Excel/CSV files...
2025-09-01 09:32:04,868 | INFO | \U0001f4c2 Watching for Excel/CSV files...
2025-09-01 09:41:33,310 | INFO | \U0001f4c2 Watching for Excel/CSV files...
2025-09-01 09:42:01,415 | INFO | \U0001f4c4 Detected file: ATTENDANCE REPORT.xlsx
2025-09-01 09:42:14,898 | INFO | \u2705 Message generated.
2025-09-01 09:42:24,899 | ERROR | \u26a0\ufe0f Could not delete input file: [WinError 2] The system cannot find the file specified: 'C:\\AttendanceAutomation\\Input\\ATTENDANCE REPORT.xlsx'
2025-09-01 09:43:15,122 | INFO | \u2705 WhatsApp message sent.
2025-09-01 09:43:17,122 | INFO | \u267b\ufe0f Reset processed file list (folder empty)
2025-09-01 13:31:16,384 | INFO | \U0001f4c2 Watching for Excel/CSV files...
2025-09-01 16:13:26,865 | INFO | \U0001f4c2 Watching for Excel/CSV files...
2025-09-03 11:03:18,795 | INFO | \U0001f4c2 Watching for Excel/CSV files...
2025-09-03 12:51:47,468 | INFO | \U0001f4c2 Watching for Excel/CSV files...
2025-09-03 20:39:34,425 | INFO | \U0001f4c2 Watching for Excel/CSV files...
2025-09-04 09:23:02,560 | INFO | \U0001f4c2 Watching for Excel/CSV files...
2025-09-08 09:32:41,609 | INFO | \U0001f4c2 Watching for Excel/CSV files...
2025-09-08 09:44:58,488 | INFO | \U0001f4c2 Watching for Excel/CSV files...
2025-09-08 13:24:44,848 | INFO | \U0001f4c2 Watching for Excel/CSV files...
2025-09-09 10:34:48,659 | INFO | \U0001f4c2 Watching for Excel/CSV files...
2025-09-09 13:25:51,891 | INFO | \U0001f4c2 Watching for Excel/CSV files...
2025-09-09 14:27:52,886 | INFO | \U0001f4c2 Watching for Excel/CSV files...
2025-09-09 20:34:23,603 | INFO | \U0001f4c2 Watching for Excel/CSV files...
2025-09-10 09:33:20,811 | INFO | \U0001f4c2 Watching for Excel/CSV files...
2025-09-10 10:37:39,069 | INFO | \U0001f4c4 Detected file: ATTENDANCE REPORT.xlsx
2025-09-10 10:37:51,941 | INFO | \u2705 Message generated.
2025-09-10 10:38:01,942 | ERROR | \u26a0\ufe0f Could not delete input file: [WinError 2] The system cannot find the file specified: 'C:\\AttendanceAutomation\\Input\\ATTENDANCE REPORT.xlsx'
2025-09-10 10:40:22,239 | INFO | \u2705 WhatsApp message sent.
2025-09-10 10:40:24,240 | INFO | \u267b\ufe0f Reset processed file list (folder empty)
2025-09-10 13:22:26,920 | INFO | \U0001f4c2 Watching for Excel/CSV files...
2025-09-11 00:08:55,488 | INFO | \U0001f4c2 Watching for Excel/CSV files...
2025-09-11 13:27:16,372 | INFO | \U0001f4c2 Watching for Excel/CSV files...
2025-09-11 13:57:06,953 | INFO | \U0001f4c2 Watching for Excel/CSV files...
2025-09-11 20:47:47,627 | INFO | \U0001f4c2 Watching for Excel/CSV files...
2025-09-12 09:26:22,017 | INFO | \U0001f4c2 Watching for Excel/CSV files...
2025-09-12 13:19:00,290 | INFO | \U0001f4c2 Watching for Excel/CSV files...
2025-09-15 09:35:02,083 | INFO | \U0001f4c2 Watching for Excel/CSV files...
2025-09-15 09:39:57,227 | INFO | \U0001f4c2 Watching for Excel/CSV files...
2025-09-15 13:50:06,303 | INFO | \U0001f4c2 Watching for Excel/CSV files...
2025-09-15 17:43:52,451 | INFO | \U0001f4c2 Watching for Excel/CSV files...
2025-09-15 21:51:33,353 | INFO | \U0001f4c2 Watching for Excel/CSV files...
2025-09-16 09:29:40,153 | INFO | \U0001f4c2 Watching for Excel/CSV files...
2025-09-16 20:53:02,632 | INFO | \U0001f4c2 Watching for Excel/CSV files...
2025-09-17 13:31:13,671 | INFO | \U0001f4c2 Watching for Excel/CSV files...
2025-09-17 16:55:06,371 | INFO | \U0001f4c2 Watching for Excel/CSV files...
2025-09-17 21:58:00,248 | INFO | \U0001f4c2 Watching for Excel/CSV files...
2025-09-18 09:42:01,206 | INFO | \U0001f4c2 Watching for Excel/CSV files...
2025-09-18 13:22:40,637 | INFO | \U0001f4c2 Watching for Excel/CSV files...
2025-09-18 16:29:01,833 | INFO | \U0001f4c2 Watching for Excel/CSV files...
2025-09-18 23:07:22,156 | INFO | \U0001f4c2 Watching for Excel/CSV files...
2025-09-19 09:30:17,823 | INFO | \U0001f4c2 Watching for Excel/CSV files...
2025-09-19 15:05:55,693 | INFO | \U0001f4c2 Watching for Excel/CSV files...
2025-09-21 20:27:50,258 | INFO | \U0001f4c2 Watching for Excel/CSV files...
2025-09-22 13:22:23,674 | INFO | \U0001f4c2 Watching for Excel/CSV files...
2025-09-22 21:52:53,323 | INFO | \U0001f4c2 Watching for Excel/CSV files...
2025-09-23 14:07:55,956 | INFO | \U0001f4c2 Watching for Excel/CSV files...
2025-09-23 14:11:16,068 | INFO | \U0001f4c4 Detected file: ATTENDANCE REPORT.xlsx
2025-09-23 14:11:28,241 | INFO | \u2705 Message generated.
2025-09-23 14:11:38,243 | ERROR | \u26a0\ufe0f Could not delete input file: [WinError 2] The system cannot find the file specified: 'C:\\AttendanceAutomation\\Input\\ATTENDANCE REPORT.xlsx'
2025-09-23 14:12:04,262 | ERROR | \u274c Script failed: C:\AttendanceAutomation\whatsapp_sender.py | Command '['python', 'C:\\AttendanceAutomation\\whatsapp_sender.py']' returned non-zero exit status 1.
2025-09-23 14:12:04,262 | ERROR | \u26a0\ufe0f WhatsApp send failed.
2025-09-23 14:12:06,263 | INFO | \u267b\ufe0f Reset processed file list (folder empty)
2025-09-23 15:23:12,959 | INFO | \U0001f4c2 Watching for Excel/CSV files...
2025-09-23 21:35:56,491 | INFO | \U0001f4c2 Watching for Excel/CSV files...
2025-09-24 09:44:19,564 | INFO | \U0001f4c2 Watching for Excel/CSV files...
2025-09-24 10:17:28,564 | INFO | \U0001f4c4 Detected file: ATTENDANCE REPORT.xlsx
2025-09-24 10:17:40,986 | INFO | \u2705 Message generated.
2025-09-24 10:17:50,988 | ERROR | \u26a0\ufe0f Could not delete input file: [WinError 2] The system cannot find the file specified: 'C:\\AttendanceAutomation\\Input\\ATTENDANCE REPORT.xlsx'
2025-09-24 10:18:16,010 | ERROR | \u274c Script failed: C:\AttendanceAutomation\whatsapp_sender.py | Command '['python', 'C:\\AttendanceAutomation\\whatsapp_sender.py']' returned non-zero exit status 1.
2025-09-24 10:18:16,010 | ERROR | \u26a0\ufe0f WhatsApp send failed.
2025-09-24 10:18:18,011 | INFO | \u267b\ufe0f Reset processed file list (folder empty)
2025-09-24 10:22:12,120 | INFO | \U0001f4c2 Watching for Excel/CSV files...
2025-09-24 10:22:30,141 | INFO | \U0001f4c4 Detected file: ATTENDANCE REPORT.xlsx
2025-09-24 10:22:40,787 | INFO | \u2705 Message generated.
2025-09-24 10:22:50,788 | ERROR | \u26a0\ufe0f Could not delete input file: [WinError 2] The system cannot find the file specified: 'C:\\AttendanceAutomation\\Input\\ATTENDANCE REPORT.xlsx'
2025-09-24 10:23:34,678 | INFO | \u2705 WhatsApp message sent.
2025-09-24 10:23:36,679 | INFO | \u267b\ufe0f Reset processed file list (folder empty)
2025-09-24 10:24:03,529 | INFO | \U0001f4c2 Watching for Excel/CSV files...
2025-09-24 10:24:37,083 | INFO | \U0001f4c2 Watching for Excel/CSV files...
2025-09-24 10:24:52,743 | INFO | \U0001f4c4 Detected file: ATTENDANCE REPORT.xlsx
2025-09-24 10:25:00,579 | INFO | \u2705 Message generated.
2025-09-24 10:25:10,580 | ERROR | \u26a0\ufe0f Could not delete input file: [WinError 2] The system cannot find the file specified: 'C:\\AttendanceAutomation\\Input\\ATTENDANCE REPORT.xlsx'
2025-09-24 10:25:50,993 | INFO | \u2705 WhatsApp message sent.
2025-09-24 10:25:52,994 | INFO | \u267b\ufe0f Reset processed file list (folder empty)
2025-09-24 11:51:05,195 | INFO | \U0001f4c2 Watching for Excel/CSV files...
2025-09-24 11:58:01,415 | INFO | \U0001f4c4 Detected file: ATTENDANCE REPORT.xlsx
2025-09-24 11:58:10,430 | INFO | \u2705 Message generated.
2025-09-24 11:58:20,431 | ERROR | \u26a0\ufe0f Could not delete input file: [WinError 2] The system cannot find the file specified: 'C:\\AttendanceAutomation\\Input\\ATTENDANCE REPORT.xlsx'
2025-09-24 11:59:03,917 | INFO | \u2705 WhatsApp message sent.
2025-09-24 11:59:05,918 | INFO | \u267b\ufe0f Reset processed file list (folder empty)
2025-09-24 12:00:54,880 | INFO | \U0001f4c2 Watching for Excel/CSV files...
2025-09-24 12:10:56,905 | INFO | \U0001f4c2 Watching for Excel/CSV files...
2025-09-24 12:17:28,450 | INFO | \U0001f4c2 Watching for Excel/CSV files...
2025-09-24 13:25:37,308 | INFO | \U0001f4c2 Watching for Excel/CSV files...
2025-09-24 13:32:21,736 | INFO | \U0001f4c2 Watching for Excel/CSV files...
2025-09-24 19:53:07,762 | INFO | \U0001f4c2 Watching for Excel/CSV files...
2025-09-25 20:21:26,060 | INFO | \U0001f4c2 Watching for Excel/CSV files...
2025-09-26 09:43:04,973 | INFO | \U0001f4c2 Watching for Excel/CSV files...
2025-09-26 12:16:36,801 | INFO | \U0001f4c2 Watching for Excel/CSV files...
2025-09-26 13:30:26,250 | INFO | \U0001f4c2 Watching for Excel/CSV files...
2025-09-26 13:43:12,104 | INFO | \U0001f4c2 Watching for Excel/CSV files...
2025-09-26 14:12:26,564 | INFO | \U0001f4c2 Watching for Excel/CSV files...
2025-09-26 14:12:29,348 | INFO | \U0001f4c2 Watching for Excel/CSV files...
2025-09-26 14:12:35,761 | INFO | \U0001f4c2 Watching for Excel/CSV files...
2025-09-26 14:12:36,214 | INFO | \U0001f4c2 Watching for Excel/CSV files...
2025-09-26 14:12:37,246 | INFO | \U0001f4c2 Watching for Excel/CSV files...
2025-09-26 14:12:38,995 | INFO | \U0001f4c2 Watching for Excel/CSV files...
2025-09-26 14:12:46,299 | INFO | \U0001f4c2 Watching for Excel/CSV files...
2025-09-26 14:21:10,130 | INFO | \U0001f4c2 Watching for Excel/CSV files...
2025-09-26 14:21:44,196 | INFO | \U0001f4c4 Detected file: ATTENDANCE REPORT.xlsx
2025-09-26 14:21:57,617 | INFO | \u2705 Message generated.
2025-09-26 14:22:07,618 | ERROR | \u26a0\ufe0f Could not delete input file: [WinError 2] The system cannot find the file specified: 'C:\\AttendanceAutomation\\Input\\ATTENDANCE REPORT.xlsx'
2025-09-26 14:23:12,722 | INFO | \u2705 WhatsApp message sent.
2025-09-26 14:23:14,723 | INFO | \u267b\ufe0f Reset processed file list (folder empty)
2025-09-26 20:09:17,143 | INFO | \U0001f4c2 Watching for Excel/CSV files...
2025-09-27 09:26:44,656 | INFO | \U0001f4c2 Watching for Excel/CSV files...
2025-09-27 13:43:53,810 | INFO | \U0001f4c2 Watching for Excel/CSV files...
2025-09-29 13:58:54,422 | INFO | \U0001f4c2 Watching for Excel/CSV files...
2025-09-29 19:59:51,788 | INFO | \U0001f4c2 Watching for Excel/CSV files...
2025-09-29 21:13:34,583 | INFO | \U0001f4c4 Detected file: ATTENDANCE REPORT.xlsx
2025-09-29 21:13:47,342 | INFO | \u2705 Message generated.
2025-09-29 21:13:57,343 | ERROR | \u26a0\ufe0f Could not delete input file: [WinError 2] The system cannot find the file specified: 'C:\\AttendanceAutomation\\Input\\ATTENDANCE REPORT.xlsx'
2025-09-29 21:16:02,751 | INFO | \u2705 WhatsApp message sent.
2025-09-29 21:16:04,752 | INFO | \u267b\ufe0f Reset processed file list (folder empty)
2025-09-30 09:28:41,858 | INFO | \U0001f4c2 Watching for Excel/CSV files...
2025-09-30 09:31:49,272 | INFO | \U0001f4c2 Watching for Excel/CSV files...
2025-09-30 09:32:04,948 | INFO | \U0001f4c2 Watching for Excel/CSV files...
2025-09-30 09:48:34,056 | INFO | \U0001f4c2 Watching for Excel/CSV files...
2025-09-30 09:50:55,595 | INFO | \U0001f4c2 Watching for Excel/CSV files...
2025-09-30 09:51:07,611 | INFO | \U0001f4c4 Detected file: ATTENDANCE REPORT.xlsx
2025-09-30 09:51:08,155 | INFO | \U0001f4c4 Detected file: ATTENDANCE REPORT.xlsx
2025-09-30 09:51:15,472 | INFO | \u2705 Message generated.
2025-09-30 09:51:15,477 | INFO | \u2705 Message generated.
2025-09-30 09:51:25,473 | ERROR | \u26a0\ufe0f Could not delete input file: [WinError 2] The system cannot find the file specified: 'C:\\AttendanceAutomation\\Input\\ATTENDANCE REPORT.xlsx'
2025-09-30 09:51:25,478 | ERROR | \u26a0\ufe0f Could not delete input file: [WinError 2] The system cannot find the file specified: 'C:\\AttendanceAutomation\\Input\\ATTENDANCE REPORT.xlsx'
2025-09-30 09:52:24,320 | INFO | \u2705 WhatsApp message sent.
2025-09-30 09:52:25,629 | INFO | \u2705 WhatsApp message sent.
2025-09-30 09:52:26,322 | INFO | \u267b\ufe0f Reset processed file list (folder empty)
2025-09-30 09:52:27,630 | INFO | \u267b\ufe0f Reset processed file list (folder empty)
2025-09-30 09:54:18,926 | INFO | \U0001f4c2 Watching for Excel/CSV files...
2025-09-30 09:54:25,339 | INFO | \U0001f4c2 Watching for Excel/CSV files...
2025-09-30 09:54:36,941 | INFO | \U0001f4c4 Detected file: ATTENDANCE REPORT.xlsx
2025-09-30 09:54:37,348 | INFO | \U0001f4c4 Detected file: ATTENDANCE REPORT.xlsx
2025-09-30 09:54:44,806 | INFO | \u2705 Message generated.
2025-09-30 09:54:44,839 | INFO | \u2705 Message generated.
2025-09-30 09:54:54,807 | ERROR | \u26a0\ufe0f Could not delete input file: [WinError 2] The system cannot find the file specified: 'C:\\AttendanceAutomation\\Input\\ATTENDANCE REPORT.xlsx'
2025-09-30 09:54:54,840 | ERROR | \u26a0\ufe0f Could not delete input file: [WinError 2] The system cannot find the file specified: 'C:\\AttendanceAutomation\\Input\\ATTENDANCE REPORT.xlsx'
2025-09-30 09:55:18,241 | ERROR | \u274c Script failed: C:\AttendanceAutomation\whatsapp_sender.py | Command '['python', 'C:\\AttendanceAutomation\\whatsapp_sender.py']' returned non-zero exit status 1.
2025-09-30 09:55:18,242 | ERROR | \u26a0\ufe0f WhatsApp send failed.
2025-09-30 09:55:20,245 | INFO | \u267b\ufe0f Reset processed file list (folder empty)
2025-09-30 09:55:56,839 | INFO | \u2705 WhatsApp message sent.
2025-09-30 09:55:58,840 | INFO | \u267b\ufe0f Reset processed file list (folder empty)
2025-09-30 11:48:47,189 | INFO | \U0001f4c2 Watching for Excel/CSV files...
2025-09-30 11:48:53,197 | INFO | \U0001f4c4 Detected file: ATTENDANCE REPORT.xlsx
2025-09-30 11:49:00,742 | INFO | \u2705 Message generated.
2025-09-30 11:49:10,743 | ERROR | \u26a0\ufe0f Could not delete input file: [WinError 2] The system cannot find the file specified: 'C:\\AttendanceAutomation\\Input\\ATTENDANCE REPORT.xlsx'
2025-09-30 11:50:13,807 | INFO | \u2705 WhatsApp message sent.
2025-09-30 11:50:15,808 | INFO | \u267b\ufe0f Reset processed file list (folder empty)
2025-09-30 11:50:45,844 | INFO | \U0001f4c4 Detected file: ATTENDANCE REPORT.xlsx
2025-09-30 11:50:52,733 | INFO | \u2705 Message generated.
2025-09-30 11:51:02,734 | ERROR | \u26a0\ufe0f Could not delete input file: [WinError 2] The system cannot find the file specified: 'C:\\AttendanceAutomation\\Input\\ATTENDANCE REPORT.xlsx'
2025-09-30 11:52:06,033 | INFO | \u2705 WhatsApp message sent.
2025-09-30 11:52:08,041 | INFO | \u267b\ufe0f Reset processed file list (folder empty)
2025-09-30 11:54:11,563 | INFO | \U0001f4c2 Watching for Excel/CSV files...
2025-09-30 11:54:23,572 | INFO | \U0001f4c4 Detected file: ATTENDANCE REPORT.xlsx
2025-09-30 11:54:30,859 | INFO | \u2705 Message generated.
2025-09-30 11:54:40,860 | ERROR | \u26a0\ufe0f Could not delete input file: [WinError 2] The system cannot find the file specified: 'C:\\AttendanceAutomation\\Input\\ATTENDANCE REPORT.xlsx'
2025-09-30 11:55:43,962 | INFO | \u2705 WhatsApp message sent.
2025-09-30 11:55:45,963 | INFO | \u267b\ufe0f Reset processed file list (folder empty)
2025-09-30 12:49:50,093 | INFO | \U0001f4c2 Watching for Excel/CSV files...
2025-09-30 12:52:26,217 | INFO | \U0001f4c4 Detected file: ATTENDANCE REPORT.xlsx
2025-09-30 12:52:36,746 | INFO | \u2705 Message generated.
2025-09-30 12:52:46,749 | ERROR | \u26a0\ufe0f Could not delete input file: [WinError 2] The system cannot find the file specified: 'C:\\AttendanceAutomation\\Input\\ATTENDANCE REPORT.xlsx'
2025-09-30 12:53:07,714 | INFO | \u2705 WhatsApp message sent.
2025-09-30 12:53:09,716 | INFO | \u267b\ufe0f Reset processed file list (folder empty)
2025-09-30 13:28:32,930 | INFO | \U0001f4c2 Watching for Excel/CSV files...
2025-09-30 14:35:49,931 | INFO | \U0001f4c2 Watching for Excel/CSV files...
2025-09-30 15:06:07,316 | INFO | \U0001f4c4 Detected file: ATTENDANCE REPORT.xlsx
2025-09-30 15:06:14,462 | INFO | \u2705 Message generated.
2025-09-30 15:06:24,463 | ERROR | \u26a0\ufe0f Could not delete input file: [WinError 2] The system cannot find the file specified: 'C:\\AttendanceAutomation\\Input\\ATTENDANCE REPORT.xlsx'
2025-09-30 15:07:26,140 | INFO | \u2705 WhatsApp message sent.
2025-09-30 15:07:28,142 | INFO | \u267b\ufe0f Reset processed file list (folder empty)
2025-09-30 15:08:52,716 | INFO | \U0001f4c2 Watching for Excel/CSV files...
2025-09-30 15:10:02,749 | INFO | \U0001f4c4 Detected file: ATTENDANCE REPORT.xlsx
2025-09-30 15:10:11,035 | INFO | \u2705 Message generated.
2025-09-30 15:10:21,038 | ERROR | \u26a0\ufe0f Could not delete input file: [WinError 2] The system cannot find the file specified: 'C:\\AttendanceAutomation\\Input\\ATTENDANCE REPORT.xlsx'
2025-09-30 15:11:22,459 | INFO | \u2705 WhatsApp message sent.
2025-09-30 15:11:24,460 | INFO | \u267b\ufe0f Reset processed file list (folder empty)
2025-09-30 15:42:06,049 | INFO | \U0001f4c4 Detected file: ATTENDANCE REPORT.xlsx
2025-09-30 15:42:13,203 | INFO | \u2705 Message generated.
2025-09-30 15:42:23,205 | ERROR | \u26a0\ufe0f Could not delete input file: [WinError 2] The system cannot find the file specified: 'C:\\AttendanceAutomation\\Input\\ATTENDANCE REPORT.xlsx'
2025-09-30 15:43:23,963 | INFO | \u2705 WhatsApp message sent.
2025-09-30 15:43:25,964 | INFO | \u267b\ufe0f Reset processed file list (folder empty)
2025-09-30 20:52:07,553 | INFO | \U0001f4c2 Watching for Excel/CSV files...
2025-09-30 21:26:06,359 | INFO | \U0001f4c2 Watching for Excel/CSV files...
2025-09-30 22:05:30,331 | INFO | \U0001f4c2 Watching for Excel/CSV files...
2025-09-30 22:08:28,402 | INFO | \U0001f4c4 Detected file: ATTENDANCE REPORT.xlsx
2025-09-30 22:08:35,826 | INFO | \u2705 Message generated.
2025-09-30 22:08:45,827 | ERROR | \u26a0\ufe0f Could not delete input file: [WinError 2] The system cannot find the file specified: 'C:\\AttendanceAutomation\\Input\\ATTENDANCE REPORT.xlsx'
2025-09-30 22:09:46,591 | INFO | \u2705 WhatsApp message sent.
2025-09-30 22:09:48,592 | INFO | \u267b\ufe0f Reset processed file list (folder empty)
2025-09-30 22:49:05,311 | INFO | \U0001f4c2 Watching for Excel/CSV files...
2025-09-30 22:49:13,316 | INFO | \U0001f4c4 Detected file: ATTENDANCE REPORT.xlsx
2025-09-30 22:49:20,063 | INFO | \u2705 Message generated.
2025-09-30 22:49:30,064 | ERROR | \u26a0\ufe0f Could not delete input file: [WinError 2] The system cannot find the file specified: 'C:\\AttendanceAutomation\\Input\\ATTENDANCE REPORT.xlsx'
2025-09-30 22:50:29,596 | INFO | \u2705 WhatsApp message sent.
2025-09-30 22:50:31,597 | INFO | \u267b\ufe0f Reset processed file list (folder empty)
2025-09-30 22:52:27,357 | INFO | \U0001f4c2 Watching for Excel/CSV files...
2025-09-30 23:17:03,399 | INFO | \U0001f4c2 Watching for Excel/CSV files...
2025-10-01 12:42:23,346 | INFO | \U0001f4c2 Watching for Excel/CSV files...
2025-10-01 15:41:13,786 | INFO | \U0001f4c2 Watching for Excel/CSV files...
2025-10-01 18:50:21,133 | INFO | \U0001f4c2 Watching for Excel/CSV files...
2025-10-02 10:05:44,230 | INFO | \U0001f4c2 Watching for Excel/CSV files...
2025-10-02 11:28:53,292 | INFO | \U0001f4c2 Watching for Excel/CSV files...
2025-10-02 16:17:00,359 | INFO | \U0001f4c2 Watching for Excel/CSV files...
2025-10-02 18:49:55,116 | INFO | \U0001f4c2 Watching for Excel/CSV files...
2025-10-03 06:27:48,400 | INFO | \U0001f4c2 Watching for Excel/CSV files...
2025-10-03 09:38:27,301 | INFO | \U0001f4c2 Watching for Excel/CSV files...
2025-10-03 09:52:51,952 | INFO | \U0001f4c4 Detected file: ATTENDANCE REPORT.xlsx
2025-10-03 09:53:01,941 | INFO | \u2705 Message generated.
2025-10-03 09:53:11,945 | ERROR | \u26a0\ufe0f Could not delete input file: [WinError 2] The system cannot find the file specified: 'C:\\AttendanceAutomation\\Input\\ATTENDANCE REPORT.xlsx'
2025-10-03 09:54:17,912 | INFO | \u2705 WhatsApp message sent.
2025-10-03 09:54:19,913 | INFO | \u267b\ufe0f Reset processed file list (folder empty)
2025-10-03 10:39:33,601 | INFO | \U0001f4c2 Watching for Excel/CSV files...
2025-10-03 10:54:00,455 | INFO | \U0001f4c2 Watching for Excel/CSV files...
2025-10-03 11:11:43,589 | INFO | \U0001f4c2 Watching for Excel/CSV files...
2025-10-03 11:49:05,078 | INFO | \U0001f4c2 Watching for Excel/CSV files...
2025-10-03 11:56:54,814 | INFO | \U0001f4c2 Watching for Excel/CSV files...
2025-10-03 12:11:23,260 | INFO | \U0001f4c2 Watching for Excel/CSV files...
2025-10-03 12:14:36,817 | INFO | \U0001f4c2 Watching for Excel/CSV files...
2025-10-03 13:27:57,932 | INFO | \U0001f4c2 Watching for Excel/CSV files...
2025-10-03 19:12:38,731 | INFO | \U0001f4c2 Watching for Excel/CSV files...
2025-10-04 06:18:30,961 | INFO | \U0001f4c2 Watching for Excel/CSV files...
2025-10-04 09:41:57,857 | INFO | \U0001f4c2 Watching for Excel/CSV files...
2025-10-04 13:41:12,888 | INFO | \U0001f4c2 Watching for Excel/CSV files...
2025-10-04 16:28:26,948 | INFO | \U0001f4c2 Watching for Excel/CSV files...
2025-10-04 17:41:06,840 | INFO | \U0001f4c2 Watching for Excel/CSV files...
2025-10-04 17:50:23,062 | INFO | \U0001f4c4 Detected file: ATTENDANCE REPORT.xlsx
2025-10-04 17:50:30,806 | INFO | \u2705 Message generated.
2025-10-04 17:50:40,807 | ERROR | \u26a0\ufe0f Could not delete input file: [WinError 2] The system cannot find the file specified: 'C:\\AttendanceAutomation\\Input\\ATTENDANCE REPORT.xlsx'
2025-10-04 17:51:41,563 | INFO | \u2705 WhatsApp message sent.
2025-10-04 17:51:43,564 | INFO | \u267b\ufe0f Reset processed file list (folder empty)
2025-10-04 19:24:24,274 | INFO | \U0001f4c2 Watching for Excel/CSV files...
2025-10-04 20:57:15,095 | INFO | \U0001f4c2 Watching for Excel/CSV files...
2025-10-04 21:28:51,816 | INFO | \U0001f4c2 Watching for Excel/CSV files...
2025-10-04 21:32:28,162 | INFO | \U0001f4c2 Watching for Excel/CSV files...
2025-10-04 22:31:29,884 | INFO | \U0001f4c2 Watching for Excel/CSV files...
2025-10-04 22:34:30,078 | INFO | \U0001f4c4 Detected file: ATTENDANCE REPORT.xlsx
2025-10-04 22:34:39,083 | INFO | \u2705 Message generated.
2025-10-04 22:34:49,087 | ERROR | \u26a0\ufe0f Could not delete input file: [WinError 2] The system cannot find the file specified: 'C:\\AttendanceAutomation\\Input\\ATTENDANCE REPORT.xlsx'
2025-10-04 22:35:50,119 | INFO | \u2705 WhatsApp message sent.
2025-10-04 22:35:52,122 | INFO | \u267b\ufe0f Reset processed file list (folder empty)
2025-10-04 23:09:55,969 | INFO | \U0001f4c2 Watching for Excel/CSV files...
2025-10-04 23:30:34,431 | INFO | \U0001f4c4 Detected file: ATTENDANCE REPORT.xlsx
2025-10-04 23:31:00,594 | INFO | \u2705 Message generated.
2025-10-04 23:31:10,595 | ERROR | \u26a0\ufe0f Could not delete input file: [WinError 2] The system cannot find the file specified: 'C:\\AttendanceAutomation\\Input\\ATTENDANCE REPORT.xlsx'
2025-10-04 23:31:33,776 | ERROR | \u274c Script failed: C:\AttendanceAutomation\whatsapp_sender.py | Command '['python', 'C:\\AttendanceAutomation\\whatsapp_sender.py']' returned non-zero exit status 1.
2025-10-04 23:31:33,776 | ERROR | \u26a0\ufe0f WhatsApp send failed.
2025-10-04 23:31:35,777 | INFO | \u267b\ufe0f Reset processed file list (folder empty)
2025-10-04 23:34:20,453 | INFO | \U0001f4c2 Watching for Excel/CSV files...
2025-10-05 11:29:45,911 | INFO | \U0001f4c2 Watching for Excel/CSV files...
2025-10-05 11:57:59,687 | INFO | \U0001f4c4 Detected file: ATTENDANCE REPORT.xlsx
2025-10-05 11:58:09,024 | INFO | \u2705 Message generated.
2025-10-05 11:58:19,026 | ERROR | \u26a0\ufe0f Could not delete input file: [WinError 2] The system cannot find the file specified: 'C:\\AttendanceAutomation\\Input\\ATTENDANCE REPORT.xlsx'
2025-10-05 11:59:20,553 | INFO | \u2705 WhatsApp message sent.
2025-10-05 11:59:22,555 | INFO | \u267b\ufe0f Reset processed file list (folder empty)
2025-10-05 14:32:54,716 | INFO | \U0001f4c2 Watching for Excel/CSV files...
2025-10-05 17:33:08,160 | INFO | \U0001f4c2 Watching for Excel/CSV files...
2025-10-06 09:20:19,061 | INFO | \U0001f4c2 Watching for Excel/CSV files...
2025-10-06 14:07:05,882 | INFO | \U0001f4c2 Watching for Excel/CSV files...
2025-10-06 17:47:49,740 | INFO | \U0001f4c2 Watching for Excel/CSV files...
2025-10-06 20:50:49,820 | INFO | \U0001f4c2 Watching for Excel/CSV files...
2025-10-07 13:36:42,552 | INFO | \U0001f4c2 Watching for Excel/CSV files...
2025-10-08 09:52:17,432 | INFO | \U0001f4c2 Watching for Excel/CSV files...
2025-10-08 12:08:15,488 | INFO | \U0001f4c2 Watching for Excel/CSV files...
2025-10-08 13:39:39,992 | INFO | \U0001f4c2 Watching for Excel/CSV files...
2025-10-08 14:54:43,747 | INFO | \U0001f4c2 Watching for Excel/CSV files...
2025-10-08 18:32:21,218 | INFO | \U0001f4c2 Watching for Excel/CSV files...
2025-10-09 09:34:13,520 | INFO | \U0001f4c2 Watching for Excel/CSV files...
2025-10-09 10:53:18,138 | INFO | \U0001f4c2 Watching for Excel/CSV files...
2025-10-09 13:24:03,830 | INFO | \U0001f4c2 Watching for Excel/CSV files...
2025-10-09 19:26:26,538 | INFO | \U0001f4c2 Watching for Excel/CSV files...
2025-10-09 21:47:01,177 | INFO | \U0001f4c2 Watching for Excel/CSV files...
2025-10-10 09:34:28,916 | INFO | \U0001f4c2 Watching for Excel/CSV files...
2025-10-10 09:45:55,227 | INFO | \U0001f4c2 Watching for Excel/CSV files...
2025-10-10 11:16:27,914 | INFO | \U0001f4c4 Detected file: Supabase Snippet Attendance export — 2025-10-09 (II_ prefix).csv
2025-10-10 11:16:35,282 | INFO | \u2705 Message generated.
2025-10-10 11:16:45,284 | ERROR | \u26a0\ufe0f Could not delete input file: [WinError 2] The system cannot find the file specified: 'C:\\AttendanceAutomation\\Input\\Supabase Snippet Attendance export — 2025-10-09 (II_ prefix).csv'
2025-10-10 11:17:06,230 | INFO | \u2705 WhatsApp message sent.
2025-10-10 11:17:08,231 | INFO | \u267b\ufe0f Reset processed file list (folder empty)
2025-10-10 11:25:22,666 | INFO | \U0001f4c4 Detected file: test1.xlsx
2025-10-10 11:25:29,130 | ERROR | \u274c Script failed: C:\AttendanceAutomation\automate.py | Command '['python', 'C:\\AttendanceAutomation\\automate.py']' returned non-zero exit status 1.
2025-10-10 11:25:29,130 | ERROR | \u26a0\ufe0f automate.py failed — skipping WhatsApp send.
2025-10-10 11:25:41,137 | ERROR | \u274c Watcher crashed: [WinError 2] The system cannot find the file specified: 'C:\\AttendanceAutomation\\Input\\test1.xlsx'
2025-10-10 11:25:43,139 | INFO | \u267b\ufe0f Reset processed file list (folder empty)
2025-10-10 11:26:35,171 | INFO | \U0001f4c4 Detected file: a.xlsx
2025-10-10 11:26:41,296 | ERROR | \u274c Script failed: C:\AttendanceAutomation\automate.py | Command '['python', 'C:\\AttendanceAutomation\\automate.py']' returned non-zero exit status 1.
2025-10-10 11:26:41,297 | ERROR | \u26a0\ufe0f automate.py failed — skipping WhatsApp send.
2025-10-10 11:26:51,305 | ERROR | \u274c Watcher crashed: [Errno 13] Permission denied: 'C:\\AttendanceAutomation\\Input\\~$a.xlsx'
2025-10-10 11:26:57,310 | ERROR | \u274c Watcher crashed: [Errno 13] Permission denied: 'C:\\AttendanceAutomation\\Input\\~$a.xlsx'
2025-10-10 11:27:03,315 | ERROR | \u274c Watcher crashed: [Errno 13] Permission denied: 'C:\\AttendanceAutomation\\Input\\~$a.xlsx'
2025-10-10 11:27:09,321 | ERROR | \u274c Watcher crashed: [WinError 2] The system cannot find the file specified: 'C:\\AttendanceAutomation\\Input\\~$a.xlsx'
2025-10-10 11:27:11,323 | INFO | \u267b\ufe0f Reset processed file list (folder empty)
2025-10-10 11:27:19,327 | INFO | \U0001f4c4 Detected file: b.xlsx
2025-10-10 11:27:25,446 | ERROR | \u274c Script failed: C:\AttendanceAutomation\automate.py | Command '['python', 'C:\\AttendanceAutomation\\automate.py']' returned non-zero exit status 1.
2025-10-10 11:27:25,446 | ERROR | \u26a0\ufe0f automate.py failed — skipping WhatsApp send.
2025-10-10 11:28:05,475 | ERROR | \u274c Watcher crashed: [WinError 2] The system cannot find the file specified: 'C:\\AttendanceAutomation\\Input\\b.xlsx'
2025-10-10 11:28:07,477 | INFO | \u267b\ufe0f Reset processed file list (folder empty)
2025-10-10 11:53:34,832 | INFO | \U0001f4c4 Detected file: abc.xlsx
2025-10-10 11:53:40,950 | INFO | \u2705 Message generated.
2025-10-10 11:53:50,951 | ERROR | \u26a0\ufe0f Could not delete input file: [WinError 2] The system cannot find the file specified: 'C:\\AttendanceAutomation\\Input\\abc.xlsx'
2025-10-10 11:54:11,722 | INFO | \u2705 WhatsApp message sent.
2025-10-10 11:54:13,723 | INFO | \u267b\ufe0f Reset processed file list (folder empty)
2025-10-10 11:58:15,896 | INFO | \U0001f4c4 Detected file: DJJKSNDK.csv
2025-10-10 11:58:21,821 | INFO | \u2705 Message generated.
2025-10-10 11:58:31,822 | ERROR | \u26a0\ufe0f Could not delete input file: [WinError 2] The system cannot find the file specified: 'C:\\AttendanceAutomation\\Input\\DJJKSNDK.csv'
2025-10-10 11:58:52,571 | INFO | \u2705 WhatsApp message sent.
2025-10-10 11:58:54,572 | INFO | \u267b\ufe0f Reset processed file list (folder empty)
2025-10-10 12:05:10,824 | INFO | \U0001f4c4 Detected file: ABC.xlsx
2025-10-10 12:05:17,023 | ERROR | \u274c Script failed: C:\AttendanceAutomation\automate.py | Command '['python', 'C:\\AttendanceAutomation\\automate.py']' returned non-zero exit status 1.
2025-10-10 12:05:17,024 | ERROR | \u26a0\ufe0f automate.py failed — skipping WhatsApp send.
2025-10-10 12:05:35,039 | ERROR | \u274c Watcher crashed: [Errno 13] Permission denied: 'C:\\AttendanceAutomation\\Input\\~$ABC.xlsx'
2025-10-10 12:05:41,044 | ERROR | \u274c Watcher crashed: [Errno 13] Permission denied: 'C:\\AttendanceAutomation\\Input\\~$ABC.xlsx'
2025-10-10 12:05:47,050 | ERROR | \u274c Watcher crashed: [Errno 13] Permission denied: 'C:\\AttendanceAutomation\\Input\\~$ABC.xlsx'
2025-10-10 12:05:53,054 | ERROR | \u274c Watcher crashed: [Errno 13] Permission denied: 'C:\\AttendanceAutomation\\Input\\~$ABC.xlsx'
2025-10-10 12:05:59,059 | ERROR | \u274c Watcher crashed: [Errno 13] Permission denied: 'C:\\AttendanceAutomation\\Input\\~$ABC.xlsx'
2025-10-10 12:06:05,063 | ERROR | \u274c Watcher crashed: [Errno 13] Permission denied: 'C:\\AttendanceAutomation\\Input\\~$ABC.xlsx'
2025-10-10 12:06:11,067 | ERROR | \u274c Watcher crashed: [Errno 13] Permission denied: 'C:\\AttendanceAutomation\\Input\\~$ABC.xlsx'
2025-10-10 12:06:17,071 | ERROR | \u274c Watcher crashed: [Errno 13] Permission denied: 'C:\\AttendanceAutomation\\Input\\~$ABC.xlsx'
2025-10-10 12:06:23,074 | ERROR | \u274c Watcher crashed: [Errno 13] Permission denied: 'C:\\AttendanceAutomation\\Input\\~$ABC.xlsx'
2025-10-10 12:06:29,079 | ERROR | \u274c Watcher crashed: [Errno 13] Permission denied: 'C:\\AttendanceAutomation\\Input\\~$ABC.xlsx'
2025-10-10 12:06:35,094 | ERROR | \u274c Watcher crashed: [Errno 13] Permission denied: 'C:\\AttendanceAutomation\\Input\\~$ABC.xlsx'
2025-10-10 12:06:41,098 | ERROR | \u274c Watcher crashed: [Errno 13] Permission denied: 'C:\\AttendanceAutomation\\Input\\~$ABC.xlsx'
2025-10-10 12:06:47,103 | ERROR | \u274c Watcher crashed: [Errno 13] Permission denied: 'C:\\AttendanceAutomation\\Input\\~$ABC.xlsx'
2025-10-10 12:06:53,110 | ERROR | \u274c Watcher crashed: [Errno 13] Permission denied: 'C:\\AttendanceAutomation\\Input\\~$ABC.xlsx'
2025-10-10 12:06:59,114 | ERROR | \u274c Watcher crashed: [Errno 13] Permission denied: 'C:\\AttendanceAutomation\\Input\\~$ABC.xlsx'
2025-10-10 12:07:05,119 | ERROR | \u274c Watcher crashed: [Errno 13] Permission denied: 'C:\\AttendanceAutomation\\Input\\~$ABC.xlsx'
2025-10-10 12:07:11,127 | ERROR | \u274c Watcher crashed: [Errno 13] Permission denied: 'C:\\AttendanceAutomation\\Input\\~$ABC.xlsx'
2025-10-10 12:07:17,131 | ERROR | \u274c Watcher crashed: [Errno 13] Permission denied: 'C:\\AttendanceAutomation\\Input\\~$ABC.xlsx'
2025-10-10 12:07:23,136 | ERROR | \u274c Watcher crashed: [Errno 13] Permission denied: 'C:\\AttendanceAutomation\\Input\\~$ABC.xlsx'
2025-10-10 12:07:29,143 | ERROR | \u274c Watcher crashed: [Errno 13] Permission denied: 'C:\\AttendanceAutomation\\Input\\~$ABC.xlsx'
2025-10-10 12:07:35,149 | ERROR | \u274c Watcher crashed: [Errno 13] Permission denied: 'C:\\AttendanceAutomation\\Input\\~$ABC.xlsx'
2025-10-10 12:07:41,157 | ERROR | \u274c Watcher crashed: [Errno 13] Permission denied: 'C:\\AttendanceAutomation\\Input\\~$ABC.xlsx'
2025-10-10 12:07:47,161 | ERROR | \u274c Watcher crashed: [Errno 13] Permission denied: 'C:\\AttendanceAutomation\\Input\\~$ABC.xlsx'
2025-10-10 12:07:53,169 | ERROR | \u274c Watcher crashed: [Errno 13] Permission denied: 'C:\\AttendanceAutomation\\Input\\~$ABC.xlsx'
2025-10-10 12:07:59,175 | ERROR | \u274c Watcher crashed: [Errno 13] Permission denied: 'C:\\AttendanceAutomation\\Input\\~$ABC.xlsx'
2025-10-10 12:08:05,180 | ERROR | \u274c Watcher crashed: [Errno 13] Permission denied: 'C:\\AttendanceAutomation\\Input\\~$ABC.xlsx'
2025-10-10 12:08:11,197 | ERROR | \u274c Watcher crashed: [Errno 13] Permission denied: 'C:\\AttendanceAutomation\\Input\\~$ABC.xlsx'
2025-10-10 12:08:17,201 | ERROR | \u274c Watcher crashed: [Errno 13] Permission denied: 'C:\\AttendanceAutomation\\Input\\~$ABC.xlsx'
2025-10-10 12:08:23,205 | ERROR | \u274c Watcher crashed: [Errno 13] Permission denied: 'C:\\AttendanceAutomation\\Input\\~$ABC.xlsx'
2025-10-10 12:08:29,209 | ERROR | \u274c Watcher crashed: [Errno 13] Permission denied: 'C:\\AttendanceAutomation\\Input\\~$ABC.xlsx'
2025-10-10 12:08:35,213 | ERROR | \u274c Watcher crashed: [Errno 13] Permission denied: 'C:\\AttendanceAutomation\\Input\\~$ABC.xlsx'
2025-10-10 12:08:41,218 | ERROR | \u274c Watcher crashed: [Errno 13] Permission denied: 'C:\\AttendanceAutomation\\Input\\~$ABC.xlsx'
2025-10-10 12:08:47,222 | ERROR | \u274c Watcher crashed: [Errno 13] Permission denied: 'C:\\AttendanceAutomation\\Input\\~$ABC.xlsx'
2025-10-10 12:08:53,226 | ERROR | \u274c Watcher crashed: [Errno 13] Permission denied: 'C:\\AttendanceAutomation\\Input\\~$ABC.xlsx'
2025-10-10 12:08:59,242 | ERROR | \u274c Watcher crashed: [Errno 13] Permission denied: 'C:\\AttendanceAutomation\\Input\\~$ABC.xlsx'
2025-10-10 12:09:05,278 | ERROR | \u274c Watcher crashed: [Errno 13] Permission denied: 'C:\\AttendanceAutomation\\Input\\~$ABC.xlsx'
2025-10-10 12:09:11,283 | ERROR | \u274c Watcher crashed: [Errno 13] Permission denied: 'C:\\AttendanceAutomation\\Input\\~$ABC.xlsx'
2025-10-10 12:09:17,287 | ERROR | \u274c Watcher crashed: [Errno 13] Permission denied: 'C:\\AttendanceAutomation\\Input\\~$ABC.xlsx'
2025-10-10 12:09:23,292 | ERROR | \u274c Watcher crashed: [Errno 13] Permission denied: 'C:\\AttendanceAutomation\\Input\\~$ABC.xlsx'
2025-10-10 12:09:29,298 | ERROR | \u274c Watcher crashed: [Errno 13] Permission denied: 'C:\\AttendanceAutomation\\Input\\~$ABC.xlsx'
2025-10-10 12:09:35,302 | ERROR | \u274c Watcher crashed: [Errno 13] Permission denied: 'C:\\AttendanceAutomation\\Input\\~$ABC.xlsx'
2025-10-10 12:09:41,317 | ERROR | \u274c Watcher crashed: [Errno 13] Permission denied: 'C:\\AttendanceAutomation\\Input\\~$ABC.xlsx'
2025-10-10 12:09:47,321 | ERROR | \u274c Watcher crashed: [Errno 13] Permission denied: 'C:\\AttendanceAutomation\\Input\\~$ABC.xlsx'
2025-10-10 12:09:53,325 | ERROR | \u274c Watcher crashed: [Errno 13] Permission denied: 'C:\\AttendanceAutomation\\Input\\~$ABC.xlsx'
2025-10-10 12:09:59,332 | ERROR | \u274c Watcher crashed: [Errno 13] Permission denied: 'C:\\AttendanceAutomation\\Input\\~$ABC.xlsx'
2025-10-10 12:10:05,337 | ERROR | \u274c Watcher crashed: [Errno 13] Permission denied: 'C:\\AttendanceAutomation\\Input\\~$ABC.xlsx'
2025-10-10 12:10:11,341 | ERROR | \u274c Watcher crashed: [Errno 13] Permission denied: 'C:\\AttendanceAutomation\\Input\\~$ABC.xlsx'
2025-10-10 12:10:17,344 | ERROR | \u274c Watcher crashed: [Errno 13] Permission denied: 'C:\\AttendanceAutomation\\Input\\~$ABC.xlsx'
2025-10-10 12:10:23,348 | ERROR | \u274c Watcher crashed: [Errno 13] Permission denied: 'C:\\AttendanceAutomation\\Input\\~$ABC.xlsx'
2025-10-10 12:10:29,351 | ERROR | \u274c Watcher crashed: [Errno 13] Permission denied: 'C:\\AttendanceAutomation\\Input\\~$ABC.xlsx'
2025-10-10 12:10:35,355 | ERROR | \u274c Watcher crashed: [Errno 13] Permission denied: 'C:\\AttendanceAutomation\\Input\\~$ABC.xlsx'
2025-10-10 12:10:41,359 | ERROR | \u274c Watcher crashed: [Errno 13] Permission denied: 'C:\\AttendanceAutomation\\Input\\~$ABC.xlsx'
2025-10-10 12:10:47,375 | ERROR | \u274c Watcher crashed: [Errno 13] Permission denied: 'C:\\AttendanceAutomation\\Input\\~$ABC.xlsx'
2025-10-10 12:10:53,379 | ERROR | \u274c Watcher crashed: [Errno 13] Permission denied: 'C:\\AttendanceAutomation\\Input\\~$ABC.xlsx'
2025-10-10 12:10:59,383 | ERROR | \u274c Watcher crashed: [Errno 13] Permission denied: 'C:\\AttendanceAutomation\\Input\\~$ABC.xlsx'
2025-10-10 12:11:05,484 | ERROR | \u274c Watcher crashed: [Errno 13] Permission denied: 'C:\\AttendanceAutomation\\Input\\~$ABC.xlsx'
2025-10-10 12:11:11,488 | ERROR | \u274c Watcher crashed: [Errno 13] Permission denied: 'C:\\AttendanceAutomation\\Input\\~$ABC.xlsx'
2025-10-10 12:11:17,493 | ERROR | \u274c Watcher crashed: [Errno 13] Permission denied: 'C:\\AttendanceAutomation\\Input\\~$ABC.xlsx'
2025-10-10 12:11:23,518 | ERROR | \u274c Watcher crashed: [Errno 13] Permission denied: 'C:\\AttendanceAutomation\\Input\\~$ABC.xlsx'
2025-10-10 12:11:29,523 | ERROR | \u274c Watcher crashed: [Errno 13] Permission denied: 'C:\\AttendanceAutomation\\Input\\~$ABC.xlsx'
2025-10-10 12:11:35,527 | ERROR | \u274c Watcher crashed: [Errno 13] Permission denied: 'C:\\AttendanceAutomation\\Input\\~$ABC.xlsx'
2025-10-10 12:11:41,531 | ERROR | \u274c Watcher crashed: [Errno 13] Permission denied: 'C:\\AttendanceAutomation\\Input\\~$ABC.xlsx'
2025-10-10 12:11:47,555 | ERROR | \u274c Watcher crashed: [Errno 13] Permission denied: 'C:\\AttendanceAutomation\\Input\\~$ABC.xlsx'
2025-10-10 12:11:53,564 | ERROR | \u274c Watcher crashed: [Errno 13] Permission denied: 'C:\\AttendanceAutomation\\Input\\~$ABC.xlsx'
2025-10-10 12:11:59,569 | ERROR | \u274c Watcher crashed: [Errno 13] Permission denied: 'C:\\AttendanceAutomation\\Input\\~$ABC.xlsx'
2025-10-10 12:12:05,573 | ERROR | \u274c Watcher crashed: [Errno 13] Permission denied: 'C:\\AttendanceAutomation\\Input\\~$ABC.xlsx'
2025-10-10 12:12:11,578 | ERROR | \u274c Watcher crashed: [Errno 13] Permission denied: 'C:\\AttendanceAutomation\\Input\\~$ABC.xlsx'
2025-10-10 12:12:17,583 | ERROR | \u274c Watcher crashed: [Errno 13] Permission denied: 'C:\\AttendanceAutomation\\Input\\~$ABC.xlsx'
2025-10-10 12:12:23,587 | ERROR | \u274c Watcher crashed: [Errno 13] Permission denied: 'C:\\AttendanceAutomation\\Input\\~$ABC.xlsx'
2025-10-10 12:12:29,702 | ERROR | \u274c Watcher crashed: [Errno 13] Permission denied: 'C:\\AttendanceAutomation\\Input\\~$ABC.xlsx'
2025-10-10 12:12:35,706 | ERROR | \u274c Watcher crashed: [Errno 13] Permission denied: 'C:\\AttendanceAutomation\\Input\\~$ABC.xlsx'
2025-10-10 12:12:41,738 | ERROR | \u274c Watcher crashed: [Errno 13] Permission denied: 'C:\\AttendanceAutomation\\Input\\~$ABC.xlsx'
2025-10-10 12:12:47,742 | ERROR | \u274c Watcher crashed: [Errno 13] Permission denied: 'C:\\AttendanceAutomation\\Input\\~$ABC.xlsx'
2025-10-10 12:12:53,751 | ERROR | \u274c Watcher crashed: [Errno 13] Permission denied: 'C:\\AttendanceAutomation\\Input\\~$ABC.xlsx'
2025-10-10 12:12:59,764 | ERROR | \u274c Watcher crashed: [Errno 13] Permission denied: 'C:\\AttendanceAutomation\\Input\\~$ABC.xlsx'
2025-10-10 12:13:05,791 | ERROR | \u274c Watcher crashed: [Errno 13] Permission denied: 'C:\\AttendanceAutomation\\Input\\~$ABC.xlsx'
2025-10-10 12:13:11,801 | ERROR | \u274c Watcher crashed: [Errno 13] Permission denied: 'C:\\AttendanceAutomation\\Input\\~$ABC.xlsx'
2025-10-10 12:13:17,843 | ERROR | \u274c Watcher crashed: [Errno 13] Permission denied: 'C:\\AttendanceAutomation\\Input\\~$ABC.xlsx'
2025-10-10 12:13:23,864 | ERROR | \u274c Watcher crashed: [Errno 13] Permission denied: 'C:\\AttendanceAutomation\\Input\\~$ABC.xlsx'
2025-10-10 12:13:29,870 | ERROR | \u274c Watcher crashed: [Errno 13] Permission denied: 'C:\\AttendanceAutomation\\Input\\~$ABC.xlsx'
2025-10-10 12:13:35,874 | ERROR | \u274c Watcher crashed: [Errno 13] Permission denied: 'C:\\AttendanceAutomation\\Input\\~$ABC.xlsx'
2025-10-10 12:13:41,878 | ERROR | \u274c Watcher crashed: [Errno 13] Permission denied: 'C:\\AttendanceAutomation\\Input\\~$ABC.xlsx'
2025-10-10 12:13:47,883 | ERROR | \u274c Watcher crashed: [Errno 13] Permission denied: 'C:\\AttendanceAutomation\\Input\\~$ABC.xlsx'
2025-10-10 12:13:54,065 | ERROR | \u274c Watcher crashed: [Errno 13] Permission denied: 'C:\\AttendanceAutomation\\Input\\~$ABC.xlsx'
2025-10-10 12:14:00,069 | ERROR | \u274c Watcher crashed: [Errno 13] Permission denied: 'C:\\AttendanceAutomation\\Input\\~$ABC.xlsx'
2025-10-10 12:14:06,073 | ERROR | \u274c Watcher crashed: [Errno 13] Permission denied: 'C:\\AttendanceAutomation\\Input\\~$ABC.xlsx'
2025-10-10 12:14:12,077 | ERROR | \u274c Watcher crashed: [Errno 13] Permission denied: 'C:\\AttendanceAutomation\\Input\\~$ABC.xlsx'
2025-10-10 12:14:18,082 | ERROR | \u274c Watcher crashed: [Errno 13] Permission denied: 'C:\\AttendanceAutomation\\Input\\~$ABC.xlsx'
2025-10-10 12:14:24,087 | ERROR | \u274c Watcher crashed: [Errno 13] Permission denied: 'C:\\AttendanceAutomation\\Input\\~$ABC.xlsx'
2025-10-10 12:14:30,093 | ERROR | \u274c Watcher crashed: [Errno 13] Permission denied: 'C:\\AttendanceAutomation\\Input\\~$ABC.xlsx'
2025-10-10 12:14:36,097 | ERROR | \u274c Watcher crashed: [Errno 13] Permission denied: 'C:\\AttendanceAutomation\\Input\\~$ABC.xlsx'
2025-10-10 12:14:42,106 | ERROR | \u274c Watcher crashed: [Errno 13] Permission denied: 'C:\\AttendanceAutomation\\Input\\~$ABC.xlsx'
2025-10-10 12:14:48,110 | ERROR | \u274c Watcher crashed: [Errno 13] Permission denied: 'C:\\AttendanceAutomation\\Input\\~$ABC.xlsx'
2025-10-10 12:14:54,114 | ERROR | \u274c Watcher crashed: [Errno 13] Permission denied: 'C:\\AttendanceAutomation\\Input\\~$ABC.xlsx'
2025-10-10 12:15:00,117 | ERROR | \u274c Watcher crashed: [Errno 13] Permission denied: 'C:\\AttendanceAutomation\\Input\\~$ABC.xlsx'
2025-10-10 12:15:06,123 | ERROR | \u274c Watcher crashed: [Errno 13] Permission denied: 'C:\\AttendanceAutomation\\Input\\~$ABC.xlsx'
2025-10-10 12:15:12,129 | ERROR | \u274c Watcher crashed: [Errno 13] Permission denied: 'C:\\AttendanceAutomation\\Input\\~$ABC.xlsx'
2025-10-10 12:15:18,132 | ERROR | \u274c Watcher crashed: [Errno 13] Permission denied: 'C:\\AttendanceAutomation\\Input\\~$ABC.xlsx'
2025-10-10 12:15:24,135 | ERROR | \u274c Watcher crashed: [Errno 13] Permission denied: 'C:\\AttendanceAutomation\\Input\\~$ABC.xlsx'
2025-10-10 12:15:30,139 | ERROR | \u274c Watcher crashed: [Errno 13] Permission denied: 'C:\\AttendanceAutomation\\Input\\~$ABC.xlsx'
2025-10-10 12:15:36,143 | ERROR | \u274c Watcher crashed: [Errno 13] Permission denied: 'C:\\AttendanceAutomation\\Input\\~$ABC.xlsx'
2025-10-10 12:15:42,148 | ERROR | \u274c Watcher crashed: [Errno 13] Permission denied: 'C:\\AttendanceAutomation\\Input\\~$ABC.xlsx'
2025-10-10 12:15:48,151 | ERROR | \u274c Watcher crashed: [Errno 13] Permission denied: 'C:\\AttendanceAutomation\\Input\\~$ABC.xlsx'
2025-10-10 12:15:54,155 | ERROR | \u274c Watcher crashed: [Errno 13] Permission denied: 'C:\\AttendanceAutomation\\Input\\~$ABC.xlsx'
2025-10-10 12:16:00,163 | ERROR | \u274c Watcher crashed: [Errno 13] Permission denied: 'C:\\AttendanceAutomation\\Input\\~$ABC.xlsx'
2025-10-10 12:16:06,172 | ERROR | \u274c Watcher crashed: [Errno 13] Permission denied: 'C:\\AttendanceAutomation\\Input\\~$ABC.xlsx'
2025-10-10 12:16:12,175 | ERROR | \u274c Watcher crashed: [Errno 13] Permission denied: 'C:\\AttendanceAutomation\\Input\\~$ABC.xlsx'
2025-10-10 12:16:18,180 | ERROR | \u274c Watcher crashed: [Errno 13] Permission denied: 'C:\\AttendanceAutomation\\Input\\~$ABC.xlsx'
2025-10-10 12:16:24,185 | ERROR | \u274c Watcher crashed: [Errno 13] Permission denied: 'C:\\AttendanceAutomation\\Input\\~$ABC.xlsx'
2025-10-10 12:16:30,188 | ERROR | \u274c Watcher crashed: [Errno 13] Permission denied: 'C:\\AttendanceAutomation\\Input\\~$ABC.xlsx'
2025-10-10 12:16:36,193 | ERROR | \u274c Watcher crashed: [Errno 13] Permission denied: 'C:\\AttendanceAutomation\\Input\\~$ABC.xlsx'
2025-10-10 12:16:42,197 | ERROR | \u274c Watcher crashed: [Errno 13] Permission denied: 'C:\\AttendanceAutomation\\Input\\~$ABC.xlsx'
2025-10-10 12:16:48,202 | ERROR | \u274c Watcher crashed: [Errno 13] Permission denied: 'C:\\AttendanceAutomation\\Input\\~$ABC.xlsx'
2025-10-10 12:16:54,207 | ERROR | \u274c Watcher crashed: [Errno 13] Permission denied: 'C:\\AttendanceAutomation\\Input\\~$ABC.xlsx'
2025-10-10 12:17:00,212 | ERROR | \u274c Watcher crashed: [Errno 13] Permission denied: 'C:\\AttendanceAutomation\\Input\\~$ABC.xlsx'
2025-10-10 12:17:06,218 | ERROR | \u274c Watcher crashed: [Errno 13] Permission denied: 'C:\\AttendanceAutomation\\Input\\~$ABC.xlsx'
2025-10-10 12:17:12,222 | ERROR | \u274c Watcher crashed: [Errno 13] Permission denied: 'C:\\AttendanceAutomation\\Input\\~$ABC.xlsx'
2025-10-10 12:17:18,227 | ERROR | \u274c Watcher crashed: [Errno 13] Permission denied: 'C:\\AttendanceAutomation\\Input\\~$ABC.xlsx'
2025-10-10 12:17:24,233 | ERROR | \u274c Watcher crashed: [Errno 13] Permission denied: 'C:\\AttendanceAutomation\\Input\\~$ABC.xlsx'
2025-10-10 12:17:30,239 | ERROR | \u274c Watcher crashed: [Errno 13] Permission denied: 'C:\\AttendanceAutomation\\Input\\~$ABC.xlsx'
2025-10-10 12:17:36,278 | ERROR | \u274c Watcher crashed: [Errno 13] Permission denied: 'C:\\AttendanceAutomation\\Input\\~$ABC.xlsx'
2025-10-10 12:17:42,283 | ERROR | \u274c Watcher crashed: [Errno 13] Permission denied: 'C:\\AttendanceAutomation\\Input\\~$ABC.xlsx'
2025-10-10 12:17:48,291 | ERROR | \u274c Watcher crashed: [Errno 13] Permission denied: 'C:\\AttendanceAutomation\\Input\\~$ABC.xlsx'
2025-10-10 12:17:54,297 | ERROR | \u274c Watcher crashed: [Errno 13] Permission denied: 'C:\\AttendanceAutomation\\Input\\~$ABC.xlsx'
2025-10-10 12:18:00,302 | ERROR | \u274c Watcher crashed: [Errno 13] Permission denied: 'C:\\AttendanceAutomation\\Input\\~$ABC.xlsx'
2025-10-10 12:19:08,358 | INFO | \U0001f4c4 Detected file: qwer.xlsx
2025-10-10 12:19:14,447 | ERROR | \u274c Script failed: C:\AttendanceAutomation\automate.py | Command '['python', 'C:\\AttendanceAutomation\\automate.py']' returned non-zero exit status 1.
2025-10-10 12:19:14,447 | ERROR | \u26a0\ufe0f automate.py failed — skipping WhatsApp send.
2025-10-10 12:19:18,452 | ERROR | \u274c Watcher crashed: [WinError 2] The system cannot find the file specified: 'C:\\AttendanceAutomation\\Input\\qwer.xlsx'
2025-10-10 12:19:20,453 | INFO | \u267b\ufe0f Reset processed file list (folder empty)
2025-10-10 12:27:32,776 | INFO | \U0001f4c4 Detected file: Supabase Snippet Attendance export — 2025-10-09 (II_ prefix).csv
2025-10-10 12:27:38,768 | INFO | \u2705 Message generated.
2025-10-10 12:27:48,769 | ERROR | \u26a0\ufe0f Could not delete input file: [WinError 2] The system cannot find the file specified: 'C:\\AttendanceAutomation\\Input\\Supabase Snippet Attendance export — 2025-10-09 (II_ prefix).csv'
2025-10-10 12:28:09,863 | INFO | \u2705 WhatsApp message sent.
2025-10-10 12:28:11,864 | INFO | \u267b\ufe0f Reset processed file list (folder empty)
2025-10-10 12:29:43,920 | INFO | \U0001f4c4 Detected file: Supabase Snippet Attendance export — 2025-10-09 (II_ prefix).xlsx
2025-10-10 12:29:50,027 | ERROR | \u274c Script failed: C:\AttendanceAutomation\automate.py | Command '['python', 'C:\\AttendanceAutomation\\automate.py']' returned non-zero exit status 1.
2025-10-10 12:29:50,027 | ERROR | \u26a0\ufe0f automate.py failed — skipping WhatsApp send.
2025-10-10 12:29:58,033 | ERROR | \u274c Watcher crashed: [WinError 2] The system cannot find the file specified: 'C:\\AttendanceAutomation\\Input\\Supabase Snippet Attendance export — 2025-10-09 (II_ prefix).xlsx'
2025-10-10 12:30:00,036 | INFO | \u267b\ufe0f Reset processed file list (folder empty)
2025-10-10 12:30:06,041 | INFO | \U0001f4c4 Detected file: TEST MAIN.xlsx
2025-10-10 12:30:12,227 | ERROR | \u274c Script failed: C:\AttendanceAutomation\automate.py | Command '['python', 'C:\\AttendanceAutomation\\automate.py']' returned non-zero exit status 1.
2025-10-10 12:30:12,227 | ERROR | \u26a0\ufe0f automate.py failed — skipping WhatsApp send.
2025-10-10 12:30:16,230 | ERROR | \u274c Watcher crashed: [WinError 2] The system cannot find the file specified: 'C:\\AttendanceAutomation\\Input\\TEST MAIN.xlsx'
2025-10-10 12:30:18,231 | INFO | \u267b\ufe0f Reset processed file list (folder empty)
2025-10-10 13:34:02,970 | INFO | \U0001f4c2 Watching for Excel/CSV files...
2025-10-10 18:24:09,225 | INFO | \U0001f4c2 Watching for Excel/CSV files...
2025-10-10 21:11:14,976 | INFO | \U0001f4c2 Watching for Excel/CSV files...
2025-10-11 17:56:36,621 | INFO | \U0001f4c2 Watching for Excel/CSV files...
2025-10-15 21:23:41,946 | INFO | \U0001f4c2 Watching for Excel/CSV files...
2025-10-17 13:43:05,071 | INFO | \U0001f4c2 Watching for Excel/CSV files...
2025-10-17 13:46:25,155 | INFO | \U0001f4c4 Detected file: ATTENDANCE REPORT.xlsx
2025-10-17 13:46:59,518 | ERROR | \u274c Script failed: C:\AttendanceAutomation\automate.py | Command '['python', 'C:\\AttendanceAutomation\\automate.py']' returned non-zero exit status 3221225786.
2025-10-17 13:46:59,518 | ERROR | \u26a0\ufe0f automate.py failed — skipping WhatsApp send.
2025-10-17 13:47:11,528 | ERROR | \u274c Watcher crashed: [WinError 2] The system cannot find the file specified: 'C:\\AttendanceAutomation\\Input\\ATTENDANCE REPORT.xlsx'
2025-10-17 13:47:13,529 | INFO | \u267b\ufe0f Reset processed file list (folder empty)
2025-10-17 13:47:17,534 | INFO | \U0001f4c4 Detected file: ATTENDANCE REPORT.xlsx
2025-10-17 13:47:57,232 | INFO | \u2705 Message generated.
2025-10-17 13:48:07,233 | ERROR | \u26a0\ufe0f Could not delete input file: [WinError 2] The system cannot find the file specified: 'C:\\AttendanceAutomation\\Input\\ATTENDANCE REPORT.xlsx'
2025-10-17 13:48:56,850 | INFO | \u2705 WhatsApp message sent.
2025-10-17 13:48:58,852 | INFO | \u267b\ufe0f Reset processed file list (folder empty)
2025-10-17 13:51:23,257 | INFO | \U0001f4c2 Watching for Excel/CSV files...
2025-10-17 13:52:40,352 | INFO | \U0001f4c2 Watching for Excel/CSV files...
2025-10-17 13:57:36,267 | INFO | \U0001f4c2 Watching for Excel/CSV files...
2025-10-17 14:00:45,747 | INFO | \U0001f4c2 Watching for Excel/CSV files...
2025-10-17 14:02:43,783 | INFO | \U0001f4c4 Detected file: ATTENDANCE REPORT.xlsx
2025-10-17 14:02:51,676 | INFO | \u2705 Message generated.
2025-10-17 14:03:01,676 | ERROR | \u26a0\ufe0f Could not delete input file: [WinError 2] The system cannot find the file specified: 'C:\\AttendanceAutomation\\Input\\ATTENDANCE REPORT.xlsx'
2025-10-17 14:04:10,812 | INFO | \u2705 WhatsApp message sent.
2025-10-17 14:04:12,813 | INFO | \u267b\ufe0f Reset processed file list (folder empty)
2025-10-17 14:06:30,875 | INFO | \U0001f4c4 Detected file: 17-10-2025.xls
2025-10-17 14:06:36,563 | INFO | \u2705 Message generated.
2025-10-17 14:06:46,563 | ERROR | \u26a0\ufe0f Could not delete input file: [WinError 2] The system cannot find the file specified: 'C:\\AttendanceAutomation\\Input\\17-10-2025.xls'
2025-10-17 14:07:47,066 | ERROR | \u274c Script failed: C:\AttendanceAutomation\whatsapp_sender.py | Command '['python', 'C:\\AttendanceAutomation\\whatsapp_sender.py']' returned non-zero exit status 3221225786.
2025-10-17 14:07:47,066 | ERROR | \u26a0\ufe0f WhatsApp send failed.
2025-10-17 14:07:49,067 | INFO | \u267b\ufe0f Reset processed file list (folder empty)
2025-10-17 14:15:11,225 | INFO | \U0001f4c4 Detected file: 17-10-25 REPORT.xlsx
2025-10-17 14:15:19,370 | INFO | \u2705 Message generated.
2025-10-17 14:15:29,371 | ERROR | \u26a0\ufe0f Could not delete input file: [WinError 2] The system cannot find the file specified: 'C:\\AttendanceAutomation\\Input\\17-10-25 REPORT.xlsx'
2025-10-17 14:16:38,982 | INFO | \u2705 WhatsApp message sent.
2025-10-17 14:16:40,983 | INFO | \u267b\ufe0f Reset processed file list (folder empty)
2025-10-17 14:20:35,172 | INFO | \U0001f4c2 Watching for Excel/CSV files...
2025-10-17 17:43:12,968 | INFO | \U0001f4c2 Watching for Excel/CSV files...
2025-10-18 10:00:13,599 | INFO | \U0001f4c2 Watching for Excel/CSV files...
2025-10-18 11:40:59,832 | INFO | \U0001f4c4 Detected file: 09-10-25.xlsx
2025-10-18 11:41:08,323 | INFO | \u2705 Message generated.
2025-10-18 11:41:18,324 | ERROR | \u26a0\ufe0f Could not delete input file: [WinError 2] The system cannot find the file specified: 'C:\\AttendanceAutomation\\Input\\09-10-25.xlsx'
2025-10-18 11:41:38,658 | ERROR | \u274c Script failed: C:\AttendanceAutomation\whatsapp_sender.py | Command '['python', 'C:\\AttendanceAutomation\\whatsapp_sender.py']' returned non-zero exit status 2.
2025-10-18 11:41:38,659 | ERROR | \u26a0\ufe0f WhatsApp send failed.
2025-10-18 11:41:40,660 | INFO | \u267b\ufe0f Reset processed file list (folder empty)
2025-10-18 11:42:38,689 | INFO | \U0001f4c4 Detected file: 11-10-25.xlsx
2025-10-18 11:42:45,712 | INFO | \u2705 Message generated.
2025-10-18 11:42:55,713 | ERROR | \u26a0\ufe0f Could not delete input file: [WinError 2] The system cannot find the file specified: 'C:\\AttendanceAutomation\\Input\\11-10-25.xlsx'
2025-10-18 11:43:16,072 | ERROR | \u274c Script failed: C:\AttendanceAutomation\whatsapp_sender.py | Command '['python', 'C:\\AttendanceAutomation\\whatsapp_sender.py']' returned non-zero exit status 2.
2025-10-18 11:43:16,072 | ERROR | \u26a0\ufe0f WhatsApp send failed.
2025-10-18 11:43:18,073 | INFO | \u267b\ufe0f Reset processed file list (folder empty)
2025-10-18 11:43:54,089 | INFO | \U0001f4c4 Detected file: 13-10-25.xlsx
2025-10-18 11:44:01,135 | INFO | \u2705 Message generated.
2025-10-18 11:44:11,136 | ERROR | \u26a0\ufe0f Could not delete input file: [WinError 2] The system cannot find the file specified: 'C:\\AttendanceAutomation\\Input\\13-10-25.xlsx'
2025-10-18 11:44:31,505 | ERROR | \u274c Script failed: C:\AttendanceAutomation\whatsapp_sender.py | Command '['python', 'C:\\AttendanceAutomation\\whatsapp_sender.py']' returned non-zero exit status 2.
2025-10-18 11:44:31,505 | ERROR | \u26a0\ufe0f WhatsApp send failed.
2025-10-18 11:44:33,507 | INFO | \u267b\ufe0f Reset processed file list (folder empty)
2025-10-18 11:44:41,514 | INFO | \U0001f4c4 Detected file: 14-10-25.xlsx
2025-10-18 11:44:48,536 | INFO | \u2705 Message generated.
2025-10-18 11:44:58,538 | ERROR | \u26a0\ufe0f Could not delete input file: [WinError 2] The system cannot find the file specified: 'C:\\AttendanceAutomation\\Input\\14-10-25.xlsx'
2025-10-18 11:45:18,912 | ERROR | \u274c Script failed: C:\AttendanceAutomation\whatsapp_sender.py | Command '['python', 'C:\\AttendanceAutomation\\whatsapp_sender.py']' returned non-zero exit status 2.
2025-10-18 11:45:18,912 | ERROR | \u26a0\ufe0f WhatsApp send failed.
2025-10-18 11:45:20,913 | INFO | \u267b\ufe0f Reset processed file list (folder empty)
2025-10-18 11:45:24,917 | INFO | \U0001f4c4 Detected file: 15-10-25.xlsx
2025-10-18 11:45:31,955 | INFO | \u2705 Message generated.
2025-10-18 11:45:41,955 | ERROR | \u26a0\ufe0f Could not delete input file: [WinError 2] The system cannot find the file specified: 'C:\\AttendanceAutomation\\Input\\15-10-25.xlsx'
2025-10-18 11:46:02,310 | ERROR | \u274c Script failed: C:\AttendanceAutomation\whatsapp_sender.py | Command '['python', 'C:\\AttendanceAutomation\\whatsapp_sender.py']' returned non-zero exit status 2.
2025-10-18 11:46:02,310 | ERROR | \u26a0\ufe0f WhatsApp send failed.
2025-10-18 11:46:06,315 | INFO | \U0001f4c4 Detected file: 16-10-25.xlsx
2025-10-18 11:46:13,342 | INFO | \u2705 Message generated.
2025-10-18 11:46:23,343 | ERROR | \u26a0\ufe0f Could not delete input file: [WinError 2] The system cannot find the file specified: 'C:\\AttendanceAutomation\\Input\\16-10-25.xlsx'
2025-10-18 11:46:43,686 | ERROR | \u274c Script failed: C:\AttendanceAutomation\whatsapp_sender.py | Command '['python', 'C:\\AttendanceAutomation\\whatsapp_sender.py']' returned non-zero exit status 2.
2025-10-18 11:46:43,686 | ERROR | \u26a0\ufe0f WhatsApp send failed.
2025-10-18 11:46:45,687 | INFO | \u267b\ufe0f Reset processed file list (folder empty)
2025-10-18 11:52:23,815 | INFO | \U0001f4c4 Detected file: ATTENDANCE REPORT.xlsx
2025-10-18 11:52:30,542 | INFO | \u2705 Message generated.
2025-10-18 11:52:40,543 | ERROR | \u26a0\ufe0f Could not delete input file: [WinError 2] The system cannot find the file specified: 'C:\\AttendanceAutomation\\Input\\ATTENDANCE REPORT.xlsx'
2025-10-18 11:53:50,216 | INFO | \u2705 WhatsApp message sent.
2025-10-18 11:53:52,217 | INFO | \u267b\ufe0f Reset processed file list (folder empty)
2025-10-18 12:05:33,683 | INFO | \U0001f4c2 Watching for Excel/CSV files...
2025-10-18 13:13:23,291 | INFO | \U0001f4c4 Detected file: Employee Punch Monitor.xls
2025-10-18 13:13:24,132 | INFO | \U0001f4c4 Detected file: Employee Punch Monitor.xls
2025-10-18 13:13:30,107 | INFO | \u2705 Message generated.
2025-10-18 13:13:30,787 | INFO | \u2705 Message generated.
2025-10-18 13:13:40,107 | ERROR | \u26a0\ufe0f Could not delete input file: [WinError 2] The system cannot find the file specified: 'C:\\AttendanceAutomation\\Input\\Employee Punch Monitor.xls'
2025-10-18 13:13:40,789 | ERROR | \u26a0\ufe0f Could not delete input file: [WinError 2] The system cannot find the file specified: 'C:\\AttendanceAutomation\\Input\\Employee Punch Monitor.xls'
2025-10-18 13:14:04,036 | ERROR | \u274c Script failed: C:\AttendanceAutomation\whatsapp_sender.py | Command '['python', 'C:\\AttendanceAutomation\\whatsapp_sender.py']' returned non-zero exit status 1.
2025-10-18 13:14:04,036 | ERROR | \u26a0\ufe0f WhatsApp send failed.
2025-10-18 13:14:06,038 | INFO | \u267b\ufe0f Reset processed file list (folder empty)
2025-10-18 13:14:50,781 | INFO | \u2705 WhatsApp message sent.
2025-10-18 13:14:52,782 | INFO | \u267b\ufe0f Reset processed file list (folder empty)
2025-10-22 16:35:20,565 | INFO | \U0001f4c2 Watching for Excel/CSV files...
2025-10-22 16:37:00,611 | INFO | \U0001f4c4 Detected file: 22-10-25 BIOMETRIC REPORT.xls
2025-10-22 16:37:12,731 | INFO | \u2705 Message generated.
2025-10-22 16:37:22,732 | ERROR | \u26a0\ufe0f Could not delete input file: [WinError 2] The system cannot find the file specified: 'C:\\AttendanceAutomation\\Input\\22-10-25 BIOMETRIC REPORT.xls'
2025-10-22 16:38:34,491 | INFO | \u2705 WhatsApp message sent.
2025-10-22 16:38:36,492 | INFO | \u267b\ufe0f Reset processed file list (folder empty)
2025-10-23 16:13:58,594 | INFO | \U0001f4c4 Detected file: 23-10-25 BIOMETRIC REPORT.xls
2025-10-23 16:14:06,894 | INFO | \u2705 Message generated.
2025-10-23 16:14:16,896 | ERROR | \u26a0\ufe0f Could not delete input file: [WinError 2] The system cannot find the file specified: 'C:\\AttendanceAutomation\\Input\\23-10-25 BIOMETRIC REPORT.xls'
2025-10-23 16:15:27,990 | INFO | \u2705 WhatsApp message sent.
2025-10-23 16:15:29,993 | INFO | \u267b\ufe0f Reset processed file list (folder empty)
2025-10-24 11:44:47,769 | INFO | \U0001f4c2 Watching for Excel/CSV files...
2025-10-24 14:24:27,523 | INFO | \U0001f4c4 Detected file: 24-10-2025 BIOMETRIC REPORT.xls
2025-10-24 14:25:34,629 | INFO | \u2705 Message generated.
2025-10-24 14:25:44,633 | ERROR | \u26a0\ufe0f Could not delete input file: [WinError 2] The system cannot find the file specified: 'C:\\AttendanceAutomation\\Input\\24-10-2025 BIOMETRIC REPORT.xls'
2025-10-24 14:26:56,830 | INFO | \u2705 WhatsApp message sent.
2025-10-24 14:26:58,831 | INFO | \u267b\ufe0f Reset processed file list (folder empty)
2025-10-24 14:48:25,344 | INFO | \U0001f4c4 Detected file: 24-10-2025 BIOMETRIC REPORT.xls
2025-10-24 14:48:31,897 | INFO | \u2705 Message generated.
2025-10-24 14:48:41,898 | ERROR | \u26a0\ufe0f Could not delete input file: [WinError 2] The system cannot find the file specified: 'C:\\AttendanceAutomation\\Input\\24-10-2025 BIOMETRIC REPORT.xls'
2025-10-24 14:49:52,534 | INFO | \u2705 WhatsApp message sent.
2025-10-24 14:49:54,536 | INFO | \u267b\ufe0f Reset processed file list (folder empty)
2025-10-25 08:57:47,976 | INFO | \U0001f4c2 Watching for Excel/CSV files...
2025-10-25 10:59:12,261 | INFO | \U0001f4c2 Watching for Excel/CSV files...
2025-10-25 12:11:15,693 | INFO | \U0001f4c4 Detected file: 25.10.2025.xls
2025-10-25 12:11:32,556 | INFO | \u2705 Message generated.
2025-10-25 12:11:42,562 | ERROR | \u26a0\ufe0f Could not delete input file: [WinError 2] The system cannot find the file specified: 'C:\\AttendanceAutomation\\Input\\25.10.2025.xls'
2025-10-25 12:12:53,924 | INFO | \u2705 WhatsApp message sent.
2025-10-25 12:12:55,925 | INFO | \u267b\ufe0f Reset processed file list (folder empty)
2025-10-25 15:17:26,225 | INFO | \U0001f4c4 Detected file: 25-10-25 EXCEL.xls
2025-10-25 15:17:32,826 | INFO | \u2705 Message generated.
2025-10-25 15:17:42,827 | ERROR | \u26a0\ufe0f Could not delete input file: [WinError 2] The system cannot find the file specified: 'C:\\AttendanceAutomation\\Input\\25-10-25 EXCEL.xls'
2025-10-25 15:18:43,230 | INFO | \u2705 WhatsApp message sent.
2025-10-25 15:18:45,230 | INFO | \u267b\ufe0f Reset processed file list (folder empty)
2025-10-25 15:19:43,253 | INFO | \U0001f4c4 Detected file: 25-10-25 EXCEL.xls
2025-10-25 15:19:49,751 | INFO | \u2705 Message generated.
2025-10-25 15:19:59,752 | ERROR | \u26a0\ufe0f Could not delete input file: [WinError 2] The system cannot find the file specified: 'C:\\AttendanceAutomation\\Input\\25-10-25 EXCEL.xls'
2025-10-25 15:21:10,085 | INFO | \u2705 WhatsApp message sent.
2025-10-25 15:21:12,086 | INFO | \u267b\ufe0f Reset processed file list (folder empty)
2025-10-27 13:06:13,953 | INFO | \U0001f4c4 Detected file: 27.10.25.xls
2025-10-27 13:06:22,809 | INFO | \u2705 Message generated.
2025-10-27 13:06:32,816 | ERROR | \u26a0\ufe0f Could not delete input file: [WinError 2] The system cannot find the file specified: 'C:\\AttendanceAutomation\\Input\\27.10.25.xls'
2025-10-27 13:07:43,357 | INFO | \u2705 WhatsApp message sent.
2025-10-27 13:07:45,358 | INFO | \u267b\ufe0f Reset processed file list (folder empty)
2025-10-27 14:56:09,212 | INFO | \U0001f4c4 Detected file: 27-10-2025.xls
2025-10-27 14:56:16,171 | INFO | \u2705 Message generated.
2025-10-27 14:56:26,172 | ERROR | \u26a0\ufe0f Could not delete input file: [WinError 2] The system cannot find the file specified: 'C:\\AttendanceAutomation\\Input\\27-10-2025.xls'
2025-10-27 14:57:38,113 | INFO | \u2705 WhatsApp message sent.
2025-10-27 14:57:40,114 | INFO | \u267b\ufe0f Reset processed file list (folder empty)
2025-10-28 11:10:05,111 | INFO | \U0001f4c4 Detected file: 28.10.2025.xls
2025-10-28 11:10:16,097 | INFO | \u2705 Message generated.
2025-10-28 11:10:26,098 | ERROR | \u26a0\ufe0f Could not delete input file: [WinError 2] The system cannot find the file specified: 'C:\\AttendanceAutomation\\Input\\28.10.2025.xls'
2025-10-28 11:11:36,978 | INFO | \u2705 WhatsApp message sent.
2025-10-28 11:11:38,979 | INFO | \u267b\ufe0f Reset processed file list (folder empty)
2025-10-28 13:50:26,129 | INFO | \U0001f4c4 Detected file: 28.08.25.xls
2025-10-28 13:50:32,782 | INFO | \u2705 Message generated.
2025-10-28 13:50:42,783 | ERROR | \u26a0\ufe0f Could not delete input file: [WinError 2] The system cannot find the file specified: 'C:\\AttendanceAutomation\\Input\\28.08.25.xls'
2025-10-28 13:51:53,434 | INFO | \u2705 WhatsApp message sent.
2025-10-28 13:51:55,435 | INFO | \u267b\ufe0f Reset processed file list (folder empty)
2025-10-29 08:47:27,143 | INFO | \U0001f4c2 Watching for Excel/CSV files...
2025-10-29 11:19:35,922 | INFO | \U0001f4c4 Detected file: 29.10.25.xls
2025-10-29 11:19:46,502 | INFO | \u2705 Message generated.
2025-10-29 11:19:56,504 | ERROR | \u26a0\ufe0f Could not delete input file: [WinError 2] The system cannot find the file specified: 'C:\\AttendanceAutomation\\Input\\29.10.25.xls'
2025-10-29 11:21:07,192 | INFO | \u2705 WhatsApp message sent.
2025-10-29 11:21:09,192 | INFO | \u267b\ufe0f Reset processed file list (folder empty)
2025-10-30 21:19:38,101 | INFO | \U0001f4c2 Watching for Excel/CSV files...
2025-10-30 21:24:25,600 | INFO | \U0001f4c2 Watching for Excel/CSV files...
2025-10-30 21:31:17,731 | INFO | \U0001f4c2 Watching for Excel/CSV files...
2025-10-30 21:59:24,326 | INFO | \U0001f4c2 Watching for Excel/CSV files...
2025-10-30 22:46:27,805 | INFO | \U0001f4c2 Watching for Excel/CSV files...
2025-10-31 07:11:08,620 | INFO | \U0001f4c2 Watching for Excel/CSV files...
2025-10-31 09:46:33,070 | INFO | \U0001f4c2 Watching for Excel/CSV files...
2025-10-31 13:36:09,411 | INFO | \U0001f4c2 Watching for Excel/CSV files...
2025-10-31 16:16:01,826 | INFO | \U0001f4c2 Watching for Excel/CSV files...
2025-10-31 16:17:55,006 | INFO | \U0001f4c2 Watching for Excel/CSV files...
2025-10-31 16:24:28,872 | INFO | \U0001f4c2 Watching for Excel/CSV files...
2025-10-31 17:48:52,081 | INFO | \U0001f4c2 Watching for Excel/CSV files...
2025-10-31 21:07:57,187 | INFO | \U0001f4c2 Watching for Excel/CSV files...
2025-10-31 21:37:41,982 | INFO | \U0001f4c2 Watching for Excel/CSV files...
2025-11-01 09:53:32,791 | INFO | \U0001f4c2 Watching for Excel/CSV files...
2025-11-01 09:58:58,362 | INFO | \U0001f4c2 Watching for Excel/CSV files...
2025-11-01 10:59:28,312 | INFO | \U0001f4c4 Detected file: 01.11.2025.xls
2025-11-01 10:59:57,645 | INFO | \u2705 Message generated.
2025-11-01 11:00:07,647 | ERROR | \u26a0\ufe0f Could not delete input file: [WinError 2] The system cannot find the file specified: 'C:\\AttendanceAutomation\\Input\\01.11.2025.xls'
2025-11-01 11:01:22,828 | INFO | \u2705 WhatsApp message sent.
2025-11-01 11:01:24,829 | INFO | \u267b\ufe0f Reset processed file list (folder empty)
2025-11-01 11:45:32,079 | INFO | \U0001f4c2 Watching for Excel/CSV files...
2025-11-01 12:33:44,835 | INFO | \U0001f4c2 Watching for Excel/CSV files...
2025-11-01 12:49:51,945 | INFO | \U0001f4c2 Watching for Excel/CSV files...
2025-11-01 13:35:47,192 | INFO | \U0001f4c2 Watching for Excel/CSV files...
2025-11-01 13:38:36,712 | INFO | \U0001f4c2 Watching for Excel/CSV files...
2025-11-01 15:55:09,715 | INFO | \U0001f4c4 Detected file: HHHH.xlsx
2025-11-01 15:55:21,409 | INFO | \u2705 Message generated.
2025-11-01 15:55:31,412 | ERROR | \u26a0\ufe0f Could not delete input file: [WinError 2] The system cannot find the file specified: 'C:\\AttendanceAutomation\\Input\\HHHH.xlsx'
2025-11-01 15:55:53,343 | INFO | \u2705 WhatsApp message sent.
2025-11-01 15:55:55,344 | INFO | \u267b\ufe0f Reset processed file list (folder empty)
2025-11-01 16:03:25,705 | INFO | \U0001f4c4 Detected file: HHHH.xlsx
2025-11-01 16:03:32,499 | INFO | \u2705 Message generated.
2025-11-01 16:03:42,501 | ERROR | \u26a0\ufe0f Could not delete input file: [WinError 2] The system cannot find the file specified: 'C:\\AttendanceAutomation\\Input\\HHHH.xlsx'
2025-11-01 16:04:03,612 | INFO | \u2705 WhatsApp message sent.
2025-11-01 16:04:05,614 | INFO | \u267b\ufe0f Reset processed file list (folder empty)
2025-11-01 16:04:23,580 | INFO | \U0001f4c2 Watching for Excel/CSV files...
2025-11-01 17:44:46,752 | INFO | \U0001f4c2 Watching for Excel/CSV files...
2025-11-01 18:39:13,355 | INFO | \U0001f4c2 Watching for Excel/CSV files...
2025-11-01 18:42:04,149 | INFO | \U0001f4c2 Watching for Excel/CSV files...
2025-11-02 10:59:59,330 | INFO | \U0001f4c2 Watching for Excel/CSV files...
2025-11-02 13:17:19,712 | INFO | \U0001f4c2 Watching for Excel/CSV files...
2025-11-02 18:30:33,378 | INFO | \U0001f4c2 Watching for Excel/CSV files...
2025-11-02 20:52:02,334 | INFO | \U0001f4c2 Watching for Excel/CSV files...
2025-11-02 22:05:47,779 | INFO | \U0001f4c2 Watching for Excel/CSV files...
2025-11-03 13:31:52,797 | INFO | \U0001f4c2 Watching for Excel/CSV files...
2025-11-05 14:14:11,292 | INFO | \U0001f4c2 Watching for Excel/CSV files...
2025-11-05 14:19:54,696 | INFO | \U0001f4c2 Watching for Excel/CSV files...
2025-11-05 14:30:08,523 | INFO | \U0001f4c2 Watching for Excel/CSV files...
2025-11-05 14:32:00,562 | INFO | \U0001f4c4 Detected file: ATTENDANCE REPORT.xlsx
2025-11-05 14:32:00,961 | INFO | \U0001f4c4 Detected file: ATTENDANCE REPORT.xlsx
2025-11-05 14:32:09,345 | INFO | \u2705 Message generated.
2025-11-05 14:32:09,378 | INFO | \u2705 Message generated.
2025-11-05 14:32:19,346 | ERROR | \u26a0\ufe0f Could not delete input file: [WinError 2] The system cannot find the file specified: 'C:\\AttendanceAutomation\\Input\\ATTENDANCE REPORT.xlsx'
2025-11-05 14:32:19,379 | ERROR | \u26a0\ufe0f Could not delete input file: [WinError 2] The system cannot find the file specified: 'C:\\AttendanceAutomation\\Input\\ATTENDANCE REPORT.xlsx'
2025-11-05 14:33:22,978 | INFO | \u2705 WhatsApp message sent.
2025-11-05 14:33:23,604 | INFO | \u2705 WhatsApp message sent.
2025-11-05 14:33:24,979 | INFO | \u267b\ufe0f Reset processed file list (folder empty)
2025-11-05 14:33:25,605 | INFO | \u267b\ufe0f Reset processed file list (folder empty)
2025-11-05 14:33:41,613 | INFO | \U0001f4c4 Detected file: ATTENDANCE REPORT.xlsx
2025-11-05 14:33:42,987 | INFO | \U0001f4c4 Detected file: ATTENDANCE REPORT.xlsx
2025-11-05 14:33:48,401 | INFO | \u2705 Message generated.
2025-11-05 14:33:48,559 | INFO | \u2705 Message generated.
2025-11-05 14:33:58,401 | ERROR | \u26a0\ufe0f Could not delete input file: [WinError 2] The system cannot find the file specified: 'C:\\AttendanceAutomation\\Input\\ATTENDANCE REPORT.xlsx'
2025-11-05 14:33:58,560 | ERROR | \u26a0\ufe0f Could not delete input file: [WinError 2] The system cannot find the file specified: 'C:\\AttendanceAutomation\\Input\\ATTENDANCE REPORT.xlsx'
2025-11-05 14:35:05,202 | INFO | \u2705 WhatsApp message sent.
2025-11-05 14:35:05,321 | INFO | \u2705 WhatsApp message sent.
2025-11-05 14:35:07,203 | INFO | \u267b\ufe0f Reset processed file list (folder empty)
2025-11-05 14:35:07,322 | INFO | \u267b\ufe0f Reset processed file list (folder empty)
2025-11-05 14:35:57,225 | INFO | \U0001f4c4 Detected file: ATTENDANCE REPORT.xlsx
2025-11-05 14:35:57,342 | INFO | \U0001f4c4 Detected file: ATTENDANCE REPORT.xlsx
2025-11-05 14:36:04,021 | INFO | \u2705 Message generated.
2025-11-05 14:36:04,051 | INFO | \u2705 Message generated.
2025-11-05 14:36:14,021 | ERROR | \u26a0\ufe0f Could not delete input file: [WinError 2] The system cannot find the file specified: 'C:\\AttendanceAutomation\\Input\\ATTENDANCE REPORT.xlsx'
2025-11-05 14:36:14,052 | ERROR | \u26a0\ufe0f Could not delete input file: [WinError 2] The system cannot find the file specified: 'C:\\AttendanceAutomation\\Input\\ATTENDANCE REPORT.xlsx'
2025-11-05 14:37:13,903 | ERROR | \u274c Script failed: C:\AttendanceAutomation\whatsapp_sender.py | Command '['python', 'C:\\AttendanceAutomation\\whatsapp_sender.py']' returned non-zero exit status 3221225786.
2025-11-05 14:37:13,903 | ERROR | \u26a0\ufe0f WhatsApp send failed.
2025-11-05 14:37:15,904 | INFO | \u267b\ufe0f Reset processed file list (folder empty)
2025-11-05 14:37:20,983 | ERROR | \u274c Script failed: C:\AttendanceAutomation\whatsapp_sender.py | Command '['python', 'C:\\AttendanceAutomation\\whatsapp_sender.py']' returned non-zero exit status 3221225786.
2025-11-05 14:37:20,984 | ERROR | \u26a0\ufe0f WhatsApp send failed.
2025-11-05 14:37:22,984 | INFO | \u267b\ufe0f Reset processed file list (folder empty)
2025-11-05 14:39:04,101 | INFO | \U0001f4c2 Watching for Excel/CSV files...
2025-11-05 14:40:20,143 | INFO | \U0001f4c4 Detected file: ATTENDANCE REPORT.xlsx
2025-11-05 14:40:28,767 | INFO | \u2705 Message generated.
2025-11-05 14:40:38,770 | ERROR | \u26a0\ufe0f Could not delete input file: [WinError 2] The system cannot find the file specified: 'C:\\AttendanceAutomation\\Input\\ATTENDANCE REPORT.xlsx'
2025-11-05 14:41:48,061 | INFO | \u2705 WhatsApp message sent.
2025-11-05 14:41:50,062 | INFO | \u267b\ufe0f Reset processed file list (folder empty)
2025-11-05 15:26:55,006 | INFO | \U0001f4c4 Detected file: 05.11.2025.xls
2025-11-05 15:27:01,576 | INFO | \u2705 Message generated.
2025-11-05 15:27:11,577 | ERROR | \u26a0\ufe0f Could not delete input file: [WinError 2] The system cannot find the file specified: 'C:\\AttendanceAutomation\\Input\\05.11.2025.xls'
2025-11-05 15:28:20,795 | INFO | \u2705 WhatsApp message sent.
2025-11-05 15:28:22,796 | INFO | \u267b\ufe0f Reset processed file list (folder empty)
2025-11-05 16:25:40,186 | INFO | \U0001f4c2 Watching for Excel/CSV files...
2025-11-05 17:12:25,145 | INFO | \U0001f4c4 Detected file: 05-11-25 BIOMETRIC.xls
2025-11-05 17:12:34,225 | INFO | \u2705 Message generated.
2025-11-05 17:12:44,226 | ERROR | \u26a0\ufe0f Could not delete input file: [WinError 2] The system cannot find the file specified: 'C:\\AttendanceAutomation\\Input\\05-11-25 BIOMETRIC.xls'
2025-11-05 17:13:53,539 | INFO | \u2705 WhatsApp message sent.
2025-11-05 17:13:55,540 | INFO | \u267b\ufe0f Reset processed file list (folder empty)
2025-11-06 10:58:29,849 | INFO | \U0001f4c4 Detected file: 06.11.2025.xls
2025-11-06 10:58:38,323 | INFO | \u2705 Message generated.
2025-11-06 10:58:48,324 | ERROR | \u26a0\ufe0f Could not delete input file: [WinError 2] The system cannot find the file specified: 'C:\\AttendanceAutomation\\Input\\06.11.2025.xls'
2025-11-06 10:59:58,502 | INFO | \u2705 WhatsApp message sent.
2025-11-06 11:00:00,503 | INFO | \u267b\ufe0f Reset processed file list (folder empty)
2025-11-06 16:12:07,073 | INFO | \U0001f4c4 Detected file: 06-11-25 BIOMETRIC.xls
2025-11-06 16:12:14,087 | INFO | \u2705 Message generated.
2025-11-06 16:12:24,088 | ERROR | \u26a0\ufe0f Could not delete input file: [WinError 2] The system cannot find the file specified: 'C:\\AttendanceAutomation\\Input\\06-11-25 BIOMETRIC.xls'
2025-11-06 16:13:33,943 | INFO | \u2705 WhatsApp message sent.
2025-11-06 16:13:35,944 | INFO | \u267b\ufe0f Reset processed file list (folder empty)
2025-11-07 10:45:20,079 | INFO | \U0001f4c4 Detected file: 07-11-2025.xls
2025-11-07 10:45:28,860 | INFO | \u2705 Message generated.
2025-11-07 10:45:38,861 | ERROR | \u26a0\ufe0f Could not delete input file: [WinError 2] The system cannot find the file specified: 'C:\\AttendanceAutomation\\Input\\07-11-2025.xls'
2025-11-07 10:46:38,686 | INFO | \u2705 WhatsApp message sent.
2025-11-07 10:46:40,687 | INFO | \u267b\ufe0f Reset processed file list (folder empty)
2025-11-07 10:49:38,753 | INFO | \U0001f4c4 Detected file: 07-11-2025.xls
2025-11-07 10:49:45,527 | INFO | \u2705 Message generated.
2025-11-07 10:49:55,528 | ERROR | \u26a0\ufe0f Could not delete input file: [WinError 2] The system cannot find the file specified: 'C:\\AttendanceAutomation\\Input\\07-11-2025.xls'
2025-11-07 10:50:39,529 | ERROR | \u274c Script failed: C:\AttendanceAutomation\whatsapp_sender.py | Command '['python', 'C:\\AttendanceAutomation\\whatsapp_sender.py']' returned non-zero exit status 3221225786.
2025-11-07 10:50:39,530 | ERROR | \u26a0\ufe0f WhatsApp send failed.
2025-11-07 10:50:41,531 | INFO | \u267b\ufe0f Reset processed file list (folder empty)
2025-11-07 10:53:53,599 | INFO | \U0001f4c4 Detected file: 07-11-2025.xls
2025-11-07 10:54:00,243 | INFO | \u2705 Message generated.
2025-11-07 10:54:10,244 | ERROR | \u26a0\ufe0f Could not delete input file: [WinError 2] The system cannot find the file specified: 'C:\\AttendanceAutomation\\Input\\07-11-2025.xls'
2025-11-07 10:55:20,514 | INFO | \u2705 WhatsApp message sent.
2025-11-07 10:55:22,516 | INFO | \u267b\ufe0f Reset processed file list (folder empty)
2025-11-07 17:29:54,638 | INFO | \U0001f4c4 Detected file: 07.11.25 new.xls
2025-11-07 17:30:03,500 | INFO | \u2705 Message generated.
2025-11-07 17:30:13,502 | ERROR | \u26a0\ufe0f Could not delete input file: [WinError 2] The system cannot find the file specified: 'C:\\AttendanceAutomation\\Input\\07.11.25 new.xls'
2025-11-07 17:31:22,713 | INFO | \u2705 WhatsApp message sent.
2025-11-07 17:31:24,714 | INFO | \u267b\ufe0f Reset processed file list (folder empty)
2025-11-08 10:49:30,920 | INFO | \U0001f4c4 Detected file: 08.11.25.xls
2025-11-08 10:49:39,622 | INFO | \u2705 Message generated.
2025-11-08 10:49:49,623 | ERROR | \u26a0\ufe0f Could not delete input file: [WinError 2] The system cannot find the file specified: 'C:\\AttendanceAutomation\\Input\\08.11.25.xls'
2025-11-08 10:51:07,059 | INFO | \u2705 WhatsApp message sent.
2025-11-08 10:51:09,060 | INFO | \u267b\ufe0f Reset processed file list (folder empty)
2025-11-08 17:37:39,276 | INFO | \U0001f4c4 Detected file: 08.11.25.xls
2025-11-08 17:37:48,620 | INFO | \u2705 Message generated.
2025-11-08 17:37:58,621 | ERROR | \u26a0\ufe0f Could not delete input file: [WinError 2] The system cannot find the file specified: 'C:\\AttendanceAutomation\\Input\\08.11.25.xls'
2025-11-08 17:39:08,087 | INFO | \u2705 WhatsApp message sent.
2025-11-08 17:39:10,088 | INFO | \u267b\ufe0f Reset processed file list (folder empty)
2025-11-10 08:59:31,671 | INFO | \U0001f4c2 Watching for Excel/CSV files...
2025-11-10 11:08:00,308 | INFO | \U0001f4c4 Detected file: 10.11.2025.xls
2025-11-10 11:08:09,228 | INFO | \u2705 Message generated.
2025-11-10 11:08:19,235 | ERROR | \u26a0\ufe0f Could not delete input file: [WinError 2] The system cannot find the file specified: 'C:\\AttendanceAutomation\\Input\\10.11.2025.xls'
2025-11-10 11:09:29,242 | INFO | \u2705 WhatsApp message sent.
2025-11-10 11:09:31,243 | INFO | \u267b\ufe0f Reset processed file list (folder empty)
2025-11-10 15:51:15,782 | INFO | \U0001f4c4 Detected file: 10.11.25.xls
2025-11-10 15:51:24,305 | INFO | \u2705 Message generated.
2025-11-10 15:51:34,307 | ERROR | \u26a0\ufe0f Could not delete input file: [WinError 2] The system cannot find the file specified: 'C:\\AttendanceAutomation\\Input\\10.11.25.xls'
2025-11-10 15:52:44,293 | INFO | \u2705 WhatsApp message sent.
2025-11-10 15:52:46,294 | INFO | \u267b\ufe0f Reset processed file list (folder empty)
2025-11-11 14:04:37,965 | INFO | \U0001f4c4 Detected file: 11.11.25.xls
2025-11-11 14:04:47,467 | INFO | \u2705 Message generated.
2025-11-11 14:04:57,469 | ERROR | \u26a0\ufe0f Could not delete input file: [WinError 2] The system cannot find the file specified: 'C:\\AttendanceAutomation\\Input\\11.11.25.xls'
2025-11-11 14:06:39,609 | INFO | \u2705 WhatsApp message sent.
2025-11-11 14:06:41,610 | INFO | \u267b\ufe0f Reset processed file list (folder empty)
2025-11-11 14:37:06,240 | INFO | \U0001f4c4 Detected file: 11.11.25.xls
2025-11-11 14:37:13,364 | INFO | \u2705 Message generated.
2025-11-11 14:37:23,365 | ERROR | \u26a0\ufe0f Could not delete input file: [WinError 2] The system cannot find the file specified: 'C:\\AttendanceAutomation\\Input\\11.11.25.xls'
2025-11-11 14:38:36,334 | INFO | \u2705 WhatsApp message sent.
2025-11-11 14:38:38,335 | INFO | \u267b\ufe0f Reset processed file list (folder empty)
2025-11-11 14:59:20,749 | INFO | \U0001f4c4 Detected file: 11.11.25.xls
2025-11-11 14:59:27,522 | INFO | \u2705 Message generated.
2025-11-11 14:59:37,523 | ERROR | \u26a0\ufe0f Could not delete input file: [WinError 2] The system cannot find the file specified: 'C:\\AttendanceAutomation\\Input\\11.11.25.xls'
2025-11-11 15:01:02,604 | INFO | \u2705 WhatsApp message sent.
2025-11-11 15:01:04,605 | INFO | \u267b\ufe0f Reset processed file list (folder empty)
2025-11-14 10:50:02,540 | INFO | \U0001f4c4 Detected file: 14.11.25.xls
2025-11-14 10:50:12,065 | INFO | \u2705 Message generated.
2025-11-14 10:50:22,067 | ERROR | \u26a0\ufe0f Could not delete input file: [WinError 2] The system cannot find the file specified: 'C:\\AttendanceAutomation\\Input\\14.11.25.xls'
2025-11-14 10:51:34,443 | INFO | \u2705 WhatsApp message sent.
2025-11-14 10:51:36,445 | INFO | \u267b\ufe0f Reset processed file list (folder empty)
2025-11-14 18:06:58,898 | INFO | \U0001f4c4 Detected file: 14.11.2025.xls
2025-11-14 18:07:07,909 | INFO | \u2705 Message generated.
2025-11-14 18:07:17,910 | ERROR | \u26a0\ufe0f Could not delete input file: [WinError 2] The system cannot find the file specified: 'C:\\AttendanceAutomation\\Input\\14.11.2025.xls'
2025-11-14 18:08:27,997 | INFO | \u2705 WhatsApp message sent.
2025-11-14 18:08:29,998 | INFO | \u267b\ufe0f Reset processed file list (folder empty)
2025-11-15 11:13:15,066 | INFO | \U0001f4c4 Detected file: 15.11.25.xls
2025-11-15 11:13:24,120 | INFO | \u2705 Message generated.
2025-11-15 11:13:34,120 | ERROR | \u26a0\ufe0f Could not delete input file: [WinError 2] The system cannot find the file specified: 'C:\\AttendanceAutomation\\Input\\15.11.25.xls'
2025-11-15 11:14:58,624 | INFO | \u2705 WhatsApp message sent.
2025-11-15 11:15:00,625 | INFO | \u267b\ufe0f Reset processed file list (folder empty)
2025-11-15 16:26:37,594 | INFO | \U0001f4c4 Detected file: 15-11-2025 biometric.xls
2025-11-15 16:26:44,605 | INFO | \u2705 Message generated.
2025-11-15 16:26:54,606 | ERROR | \u26a0\ufe0f Could not delete input file: [WinError 2] The system cannot find the file specified: 'C:\\AttendanceAutomation\\Input\\15-11-2025 biometric.xls'
2025-11-15 16:28:28,810 | INFO | \u2705 WhatsApp message sent.
2025-11-15 16:28:30,811 | INFO | \u267b\ufe0f Reset processed file list (folder empty)
2025-11-17 08:57:21,836 | INFO | \U0001f4c2 Watching for Excel/CSV files...
2025-11-17 13:52:31,193 | INFO | \U0001f4c2 Watching for Excel/CSV files...
2025-11-19 09:23:15,734 | INFO | \U0001f4c2 Watching for Excel/CSV files...
2025-11-19 12:10:27,062 | INFO | \U0001f4c4 Detected file: 19.11.25.xls
2025-11-19 12:10:35,959 | INFO | \u2705 Message generated.
2025-11-19 12:10:45,960 | ERROR | \u26a0\ufe0f Could not delete input file: [WinError 2] The system cannot find the file specified: 'C:\\AttendanceAutomation\\Input\\19.11.25.xls'
2025-11-19 12:11:56,337 | INFO | \u2705 WhatsApp message sent.
2025-11-19 12:11:58,338 | INFO | \u267b\ufe0f Reset processed file list (folder empty)
2025-11-19 17:11:46,012 | INFO | \U0001f4c4 Detected file: 19.11.25.xls
2025-11-19 17:11:54,486 | INFO | \u2705 Message generated.
2025-11-19 17:12:04,487 | ERROR | \u26a0\ufe0f Could not delete input file: [WinError 2] The system cannot find the file specified: 'C:\\AttendanceAutomation\\Input\\19.11.25.xls'
2025-11-19 17:13:14,257 | INFO | \u2705 WhatsApp message sent.
2025-11-19 17:13:16,258 | INFO | \u267b\ufe0f Reset processed file list (folder empty)
2025-11-20 11:36:41,981 | INFO | \U0001f4c4 Detected file: 20.11.25.xls
2025-11-20 11:36:51,176 | INFO | \u2705 Message generated.
2025-11-20 11:37:01,177 | ERROR | \u26a0\ufe0f Could not delete input file: [WinError 2] The system cannot find the file specified: 'C:\\AttendanceAutomation\\Input\\20.11.25.xls'
2025-11-20 11:38:10,859 | INFO | \u2705 WhatsApp message sent.
2025-11-20 11:38:12,859 | INFO | \u267b\ufe0f Reset processed file list (folder empty)
2025-11-20 17:16:42,100 | INFO | \U0001f4c4 Detected file: 20.11.25.xls
2025-11-20 17:16:49,642 | INFO | \u2705 Message generated.
2025-11-20 17:16:59,643 | ERROR | \u26a0\ufe0f Could not delete input file: [WinError 2] The system cannot find the file specified: 'C:\\AttendanceAutomation\\Input\\20.11.25.xls'
2025-11-20 17:18:09,217 | INFO | \u2705 WhatsApp message sent.
2025-11-20 17:18:11,218 | INFO | \u267b\ufe0f Reset processed file list (folder empty)
2025-11-21 11:44:12,399 | INFO | \U0001f4c2 Watching for Excel/CSV files...
2025-11-21 12:30:39,299 | INFO | \U0001f4c4 Detected file: 21.11.25.xls
2025-11-21 12:30:48,929 | INFO | \u2705 Message generated.
2025-11-21 12:30:58,933 | ERROR | \u26a0\ufe0f Could not delete input file: [WinError 2] The system cannot find the file specified: 'C:\\AttendanceAutomation\\Input\\21.11.25.xls'
2025-11-21 12:31:21,979 | ERROR | \u274c Script failed: C:\AttendanceAutomation\whatsapp_sender.py | Command '['python', 'C:\\AttendanceAutomation\\whatsapp_sender.py']' returned non-zero exit status 1.
2025-11-21 12:31:21,980 | ERROR | \u26a0\ufe0f WhatsApp send failed.
2025-11-21 12:31:23,982 | INFO | \u267b\ufe0f Reset processed file list (folder empty)
2025-11-21 13:11:59,861 | INFO | \U0001f4c2 Watching for Excel/CSV files...
2025-11-21 17:02:32,579 | INFO | \U0001f4c4 Detected file: 21.11.25.xls
2025-11-21 17:02:41,517 | INFO | \u2705 Message generated.
2025-11-21 17:02:51,518 | ERROR | \u26a0\ufe0f Could not delete input file: [WinError 2] The system cannot find the file specified: 'C:\\AttendanceAutomation\\Input\\21.11.25.xls'
2025-11-21 17:04:01,650 | INFO | \u2705 WhatsApp message sent.
2025-11-21 17:04:03,655 | INFO | \u267b\ufe0f Reset processed file list (folder empty)
2025-11-21 18:00:19,845 | INFO | \U0001f4c2 Watching for Excel/CSV files...
2025-11-22 11:54:55,257 | INFO | \U0001f4c4 Detected file: 22.11.25.xls
2025-11-22 11:55:04,753 | INFO | \u2705 Message generated.
2025-11-22 11:55:14,754 | ERROR | \u26a0\ufe0f Could not delete input file: [WinError 2] The system cannot find the file specified: 'C:\\AttendanceAutomation\\Input\\22.11.25.xls'
2025-11-22 11:56:16,485 | INFO | \u2705 WhatsApp message sent.
2025-11-22 11:56:18,486 | INFO | \u267b\ufe0f Reset processed file list (folder empty)
2025-11-22 17:10:46,958 | INFO | \U0001f4c4 Detected file: 22.11.25.xls
2025-11-22 17:10:54,055 | INFO | \u2705 Message generated.
2025-11-22 17:11:04,056 | ERROR | \u26a0\ufe0f Could not delete input file: [WinError 2] The system cannot find the file specified: 'C:\\AttendanceAutomation\\Input\\22.11.25.xls'
2025-11-22 17:12:04,150 | INFO | \u2705 WhatsApp message sent.
2025-11-22 17:12:06,151 | INFO | \u267b\ufe0f Reset processed file list (folder empty)
2025-11-24 09:06:08,206 | INFO | \U0001f4c2 Watching for Excel/CSV files...
2025-11-24 11:18:36,823 | INFO | \U0001f4c2 Watching for Excel/CSV files...
2025-11-24 11:19:44,176 | INFO | \U0001f4c2 Watching for Excel/CSV files...
2025-11-24 11:22:38,042 | INFO | \U0001f4c2 Watching for Excel/CSV files...
2025-11-24 11:54:38,748 | INFO | \U0001f4c4 Detected file: 24.11.2025.xls
2025-11-24 11:54:48,199 | INFO | \u2705 Message generated.
2025-11-24 11:54:58,200 | ERROR | \u26a0\ufe0f Could not delete input file: [WinError 2] The system cannot find the file specified: 'C:\\AttendanceAutomation\\Input\\24.11.2025.xls'
2025-11-24 11:55:59,061 | INFO | \u2705 WhatsApp message sent.
2025-11-24 11:56:01,066 | INFO | \u267b\ufe0f Reset processed file list (folder empty)
2025-11-24 17:05:11,171 | INFO | \U0001f4c4 Detected file: 24.11.25.xls
2025-11-24 17:05:18,765 | INFO | \u2705 Message generated.
2025-11-24 17:05:28,766 | ERROR | \u26a0\ufe0f Could not delete input file: [WinError 2] The system cannot find the file specified: 'C:\\AttendanceAutomation\\Input\\24.11.25.xls'
2025-11-24 17:06:28,535 | INFO | \u2705 WhatsApp message sent.
2025-11-24 17:06:30,536 | INFO | \u267b\ufe0f Reset processed file list (folder empty)
2025-11-25 11:49:34,392 | INFO | \U0001f4c4 Detected file: 25.11.2025.xls
2025-11-25 11:49:43,493 | INFO | \u2705 Message generated.
2025-11-25 11:49:53,494 | ERROR | \u26a0\ufe0f Could not delete input file: [WinError 2] The system cannot find the file specified: 'C:\\AttendanceAutomation\\Input\\25.11.2025.xls'
2025-11-25 11:50:54,413 | INFO | \u2705 WhatsApp message sent.
2025-11-25 11:50:56,414 | INFO | \u267b\ufe0f Reset processed file list (folder empty)
2025-11-25 13:58:05,087 | INFO | \U0001f4c4 Detected file: trail.xls
2025-11-25 13:58:12,238 | INFO | \u2705 Message generated.
2025-11-25 13:58:22,239 | ERROR | \u26a0\ufe0f Could not delete input file: [WinError 2] The system cannot find the file specified: 'C:\\AttendanceAutomation\\Input\\trail.xls'
2025-11-25 13:59:22,043 | INFO | \u2705 WhatsApp message sent.
2025-11-25 13:59:24,044 | INFO | \u267b\ufe0f Reset processed file list (folder empty)
2025-11-25 16:47:15,344 | INFO | \U0001f4c4 Detected file: 25.xls
2025-11-25 16:47:22,367 | INFO | \u2705 Message generated.
2025-11-25 16:47:32,368 | ERROR | \u26a0\ufe0f Could not delete input file: [WinError 2] The system cannot find the file specified: 'C:\\AttendanceAutomation\\Input\\25.xls'
2025-11-25 16:48:32,541 | INFO | \u2705 WhatsApp message sent.
2025-11-25 16:48:34,542 | INFO | \u267b\ufe0f Reset processed file list (folder empty)
2025-11-25 18:01:26,025 | INFO | \U0001f4c4 Detected file: 25.xls
2025-11-25 18:01:33,602 | INFO | \u2705 Message generated.
2025-11-25 18:01:43,604 | ERROR | \u26a0\ufe0f Could not delete input file: [WinError 2] The system cannot find the file specified: 'C:\\AttendanceAutomation\\Input\\25.xls'
2025-11-25 18:02:53,361 | INFO | \u2705 WhatsApp message sent.
2025-11-25 18:02:55,362 | INFO | \u267b\ufe0f Reset processed file list (folder empty)
2025-11-26 13:16:55,412 | INFO | \U0001f4c4 Detected file: 26.11.25.xls
2025-11-26 13:17:05,031 | INFO | \u2705 Message generated.
2025-11-26 13:17:15,032 | ERROR | \u26a0\ufe0f Could not delete input file: [WinError 2] The system cannot find the file specified: 'C:\\AttendanceAutomation\\Input\\26.11.25.xls'
2025-11-26 13:18:24,858 | INFO | \u2705 WhatsApp message sent.
2025-11-26 13:18:26,860 | INFO | \u267b\ufe0f Reset processed file list (folder empty)
2025-11-26 16:25:22,046 | INFO | \U0001f4c4 Detected file: 26.11.25.xls
2025-11-26 16:25:29,102 | INFO | \u2705 Message generated.
2025-11-26 16:25:39,104 | ERROR | \u26a0\ufe0f Could not delete input file: [WinError 2] The system cannot find the file specified: 'C:\\AttendanceAutomation\\Input\\26.11.25.xls'
2025-11-26 16:26:51,316 | INFO | \u2705 WhatsApp message sent.
2025-11-26 16:26:53,317 | INFO | \u267b\ufe0f Reset processed file list (folder empty)
2025-11-27 13:18:44,494 | INFO | \U0001f4c4 Detected file: 27.11.25.xls
2025-11-27 13:18:53,527 | INFO | \u2705 Message generated.
2025-11-27 13:19:03,528 | ERROR | \u26a0\ufe0f Could not delete input file: [WinError 2] The system cannot find the file specified: 'C:\\AttendanceAutomation\\Input\\27.11.25.xls'
2025-11-27 13:20:13,637 | INFO | \u2705 WhatsApp message sent.
2025-11-27 13:20:15,638 | INFO | \u267b\ufe0f Reset processed file list (folder empty)
2025-11-27 15:27:04,048 | INFO | \U0001f4c4 Detected file: 27-11-25 REPORT.xls
2025-11-27 15:27:11,319 | INFO | \u2705 Message generated.
2025-11-27 15:27:21,320 | ERROR | \u26a0\ufe0f Could not delete input file: [WinError 2] The system cannot find the file specified: 'C:\\AttendanceAutomation\\Input\\27-11-25 REPORT.xls'
2025-11-27 15:28:32,777 | INFO | \u2705 WhatsApp message sent.
2025-11-27 15:28:34,777 | INFO | \u267b\ufe0f Reset processed file list (folder empty)
2025-11-28 13:18:06,208 | INFO | \U0001f4c4 Detected file: 28.11.25.xls
2025-11-28 13:18:15,257 | INFO | \u2705 Message generated.
2025-11-28 13:18:25,258 | ERROR | \u26a0\ufe0f Could not delete input file: [WinError 2] The system cannot find the file specified: 'C:\\AttendanceAutomation\\Input\\28.11.25.xls'
2025-11-28 13:19:35,408 | INFO | \u2705 WhatsApp message sent.
2025-11-28 13:19:37,409 | INFO | \u267b\ufe0f Reset processed file list (folder empty)
2025-11-28 16:13:03,130 | INFO | \U0001f4c4 Detected file: 28.11.25.xls
2025-11-28 16:13:10,270 | INFO | \u2705 Message generated.
2025-11-28 16:13:20,274 | ERROR | \u26a0\ufe0f Could not delete input file: [WinError 2] The system cannot find the file specified: 'C:\\AttendanceAutomation\\Input\\28.11.25.xls'
2025-11-28 16:14:30,063 | INFO | \u2705 WhatsApp message sent.
2025-11-28 16:14:32,064 | INFO | \u267b\ufe0f Reset processed file list (folder empty)
2025-11-29 12:37:16,233 | INFO | \U0001f4c4 Detected file: 29-11-2025 biometric report.xls
2025-11-29 12:37:25,459 | INFO | \u2705 Message generated.
2025-11-29 12:37:35,461 | ERROR | \u26a0\ufe0f Could not delete input file: [WinError 2] The system cannot find the file specified: 'C:\\AttendanceAutomation\\Input\\29-11-2025 biometric report.xls'
2025-11-29 12:38:45,318 | INFO | \u2705 WhatsApp message sent.
2025-11-29 12:38:47,319 | INFO | \u267b\ufe0f Reset processed file list (folder empty)
2025-11-29 16:58:30,912 | INFO | \U0001f4c4 Detected file: 29.11.2025.xls
2025-11-29 16:58:40,142 | INFO | \u2705 Message generated.
2025-11-29 16:58:50,143 | ERROR | \u26a0\ufe0f Could not delete input file: [WinError 2] The system cannot find the file specified: 'C:\\AttendanceAutomation\\Input\\29.11.2025.xls'
2025-11-29 16:59:59,872 | INFO | \u2705 WhatsApp message sent.
2025-11-29 17:00:01,873 | INFO | \u267b\ufe0f Reset processed file list (folder empty)
2025-12-01 10:24:58,496 | INFO | \U0001f4c2 Watching for Excel/CSV files...
2025-12-01 13:54:28,698 | INFO | \U0001f4c4 Detected file: 1.12.25.xls
2025-12-01 13:54:37,443 | INFO | \u2705 Message generated.
2025-12-01 13:54:47,444 | ERROR | \u26a0\ufe0f Could not delete input file: [WinError 2] The system cannot find the file specified: 'C:\\AttendanceAutomation\\Input\\1.12.25.xls'
2025-12-01 13:55:57,137 | INFO | \u2705 WhatsApp message sent.
2025-12-01 13:55:59,138 | INFO | \u267b\ufe0f Reset processed file list (folder empty)
2025-12-01 16:33:06,774 | INFO | \U0001f4c4 Detected file: 1.12.25.xls
2025-12-01 16:33:13,340 | INFO | \u2705 Message generated.
2025-12-01 16:33:23,341 | ERROR | \u26a0\ufe0f Could not delete input file: [WinError 2] The system cannot find the file specified: 'C:\\AttendanceAutomation\\Input\\1.12.25.xls'
2025-12-01 16:34:32,155 | INFO | \u2705 WhatsApp message sent.
2025-12-01 16:34:34,155 | INFO | \u267b\ufe0f Reset processed file list (folder empty)
2025-12-02 15:14:08,908 | INFO | \U0001f4c4 Detected file: 2.12.25.xls
2025-12-02 15:14:18,589 | INFO | \u2705 Message generated.
2025-12-02 15:14:28,590 | ERROR | \u26a0\ufe0f Could not delete input file: [WinError 2] The system cannot find the file specified: 'C:\\AttendanceAutomation\\Input\\2.12.25.xls'
2025-12-02 15:15:38,795 | INFO | \u2705 WhatsApp message sent.
2025-12-02 15:15:40,796 | INFO | \u267b\ufe0f Reset processed file list (folder empty)
2025-12-02 17:03:49,001 | INFO | \U0001f4c4 Detected file: 02.12.2025 NEW.xls
2025-12-02 17:03:55,605 | INFO | \u2705 Message generated.
2025-12-02 17:04:05,606 | ERROR | \u26a0\ufe0f Could not delete input file: [WinError 2] The system cannot find the file specified: 'C:\\AttendanceAutomation\\Input\\02.12.2025 NEW.xls'
2025-12-02 17:05:15,632 | INFO | \u2705 WhatsApp message sent.
2025-12-02 17:05:17,632 | INFO | \u267b\ufe0f Reset processed file list (folder empty)
2025-12-03 15:55:52,085 | INFO | \U0001f4c4 Detected file: 03.12.2025.xls
2025-12-03 15:56:01,014 | INFO | \u2705 Message generated.
2025-12-03 15:56:11,020 | ERROR | \u26a0\ufe0f Could not delete input file: [WinError 2] The system cannot find the file specified: 'C:\\AttendanceAutomation\\Input\\03.12.2025.xls'
2025-12-03 15:57:39,062 | INFO | \u2705 WhatsApp message sent.
2025-12-03 15:57:41,063 | INFO | \u267b\ufe0f Reset processed file list (folder empty)
2025-12-04 16:00:07,108 | INFO | \U0001f4c4 Detected file: 04.12.2025.xls
2025-12-04 16:00:16,810 | INFO | \u2705 Message generated.
2025-12-04 16:00:26,812 | ERROR | \u26a0\ufe0f Could not delete input file: [WinError 2] The system cannot find the file specified: 'C:\\AttendanceAutomation\\Input\\04.12.2025.xls'
2025-12-04 16:01:37,285 | INFO | \u2705 WhatsApp message sent.
2025-12-04 16:01:39,286 | INFO | \u267b\ufe0f Reset processed file list (folder empty)
2025-12-05 15:13:27,594 | INFO | \U0001f4c4 Detected file: 5-12-25.xls
2025-12-05 15:13:36,315 | INFO | \u2705 Message generated.
2025-12-05 15:13:46,316 | ERROR | \u26a0\ufe0f Could not delete input file: [WinError 2] The system cannot find the file specified: 'C:\\AttendanceAutomation\\Input\\5-12-25.xls'
2025-12-05 15:14:57,308 | INFO | \u2705 WhatsApp message sent.
2025-12-05 15:14:59,310 | INFO | \u267b\ufe0f Reset processed file list (folder empty)
2025-12-05 15:17:15,375 | INFO | \U0001f4c4 Detected file: 5-12-25 (1).xls
2025-12-05 15:17:21,853 | INFO | \u2705 Message generated.
2025-12-05 15:17:31,856 | ERROR | \u26a0\ufe0f Could not delete input file: [WinError 2] The system cannot find the file specified: 'C:\\AttendanceAutomation\\Input\\5-12-25 (1).xls'
2025-12-05 15:18:41,407 | INFO | \u2705 WhatsApp message sent.
2025-12-05 15:18:43,407 | INFO | \u267b\ufe0f Reset processed file list (folder empty)
2025-12-06 17:18:25,969 | INFO | \U0001f4c2 Watching for Excel/CSV files...
2025-12-06 17:19:05,988 | INFO | \U0001f4c4 Detected file: 06-12-25.xls
2025-12-06 17:19:13,899 | INFO | \u2705 Message generated.
2025-12-06 17:19:23,900 | ERROR | \u26a0\ufe0f Could not delete input file: [WinError 2] The system cannot find the file specified: 'C:\\AttendanceAutomation\\Input\\06-12-25.xls'
2025-12-06 17:20:33,949 | INFO | \u2705 WhatsApp message sent.
2025-12-06 17:20:35,951 | INFO | \u267b\ufe0f Reset processed file list (folder empty)
2025-12-10 14:19:52,634 | INFO | \U0001f4c2 Watching for Excel/CSV files...
2025-12-10 14:19:54,646 | INFO | \U0001f4c4 Detected file: 10-12-2025 biomtetric report.xls
2025-12-10 14:20:03,495 | INFO | \u2705 Message generated.
2025-12-10 14:20:13,496 | ERROR | \u26a0\ufe0f Could not delete input file: [WinError 2] The system cannot find the file specified: 'C:\\AttendanceAutomation\\Input\\10-12-2025 biomtetric report.xls'
2025-12-10 14:21:24,067 | INFO | \u2705 WhatsApp message sent.
2025-12-10 14:21:26,068 | INFO | \u267b\ufe0f Reset processed file list (folder empty)
2025-12-10 14:28:28,212 | INFO | \U0001f4c4 Detected file: 10-12-2025 biomtetric report (1).xls
2025-12-10 14:28:34,775 | INFO | \u2705 Message generated.
2025-12-10 14:28:44,776 | ERROR | \u26a0\ufe0f Could not delete input file: [WinError 2] The system cannot find the file specified: 'C:\\AttendanceAutomation\\Input\\10-12-2025 biomtetric report (1).xls'
2025-12-10 14:29:06,873 | ERROR | \u274c Script failed: C:\AttendanceAutomation\whatsapp_sender.py | Command '['python', 'C:\\AttendanceAutomation\\whatsapp_sender.py']' returned non-zero exit status 1.
2025-12-10 14:29:06,873 | ERROR | \u26a0\ufe0f WhatsApp send failed.
2025-12-10 14:29:08,875 | INFO | \u267b\ufe0f Reset processed file list (folder empty)
2025-12-10 14:38:46,706 | INFO | \U0001f4c2 Watching for Excel/CSV files...
2025-12-11 14:10:44,875 | INFO | \U0001f4c2 Watching for Excel/CSV files...
2025-12-11 15:17:58,484 | INFO | \U0001f4c2 Watching for Excel/CSV files...
2025-12-11 15:23:50,661 | INFO | \U0001f4c4 Detected file: 11.12.25.xls
2025-12-11 15:23:58,526 | INFO | \u2705 Message generated.
2025-12-11 15:24:08,527 | ERROR | \u26a0\ufe0f Could not delete input file: [WinError 2] The system cannot find the file specified: 'C:\\AttendanceAutomation\\Input\\11.12.25.xls'
2025-12-11 15:25:18,706 | INFO | \u2705 WhatsApp message sent.
2025-12-11 15:25:20,707 | INFO | \u267b\ufe0f Reset processed file list (folder empty)
2025-12-12 15:59:38,640 | INFO | \U0001f4c4 Detected file: 12.12.2025.xls
2025-12-12 15:59:47,164 | INFO | \u2705 Message generated.
2025-12-12 15:59:57,165 | ERROR | \u26a0\ufe0f Could not delete input file: [WinError 2] The system cannot find the file specified: 'C:\\AttendanceAutomation\\Input\\12.12.2025.xls'
2025-12-12 16:01:07,449 | INFO | \u2705 WhatsApp message sent.
2025-12-12 16:01:09,450 | INFO | \u267b\ufe0f Reset processed file list (folder empty)
2025-12-13 15:38:38,921 | INFO | \U0001f4c4 Detected file: 13.12.2025.xls
2025-12-13 15:38:47,919 | INFO | \u2705 Message generated.
2025-12-13 15:38:57,920 | ERROR | \u26a0\ufe0f Could not delete input file: [WinError 2] The system cannot find the file specified: 'C:\\AttendanceAutomation\\Input\\13.12.2025.xls'
2025-12-13 15:40:08,102 | INFO | \u2705 WhatsApp message sent.
2025-12-13 15:40:10,103 | INFO | \u267b\ufe0f Reset processed file list (folder empty)
2025-12-15 15:43:15,933 | INFO | \U0001f4c2 Watching for Excel/CSV files...
2025-12-15 15:59:54,267 | INFO | \U0001f4c4 Detected file: 15.12.2025.xls
2025-12-15 16:00:02,634 | INFO | \u2705 Message generated.
2025-12-15 16:00:12,635 | ERROR | \u26a0\ufe0f Could not delete input file: [WinError 2] The system cannot find the file specified: 'C:\\AttendanceAutomation\\Input\\15.12.2025.xls'
2025-12-15 16:01:23,158 | INFO | \u2705 WhatsApp message sent.
2025-12-15 16:01:25,159 | INFO | \u267b\ufe0f Reset processed file list (folder empty)
2025-12-16 13:26:36,588 | INFO | \U0001f4c4 Detected file: 16.12.25.xls
2025-12-16 13:26:44,791 | INFO | \u2705 Message generated.
2025-12-16 13:26:54,792 | ERROR | \u26a0\ufe0f Could not delete input file: [WinError 2] The system cannot find the file specified: 'C:\\AttendanceAutomation\\Input\\16.12.25.xls'
2025-12-16 13:28:05,307 | INFO | \u2705 WhatsApp message sent.
2025-12-16 13:28:07,308 | INFO | \u267b\ufe0f Reset processed file list (folder empty)
2025-12-17 15:26:59,761 | INFO | \U0001f4c4 Detected file: 17.12.2025.xls
2025-12-17 15:27:08,048 | INFO | \u2705 Message generated.
2025-12-17 15:27:18,049 | ERROR | \u26a0\ufe0f Could not delete input file: [WinError 2] The system cannot find the file specified: 'C:\\AttendanceAutomation\\Input\\17.12.2025.xls'
2025-12-17 15:28:28,625 | INFO | \u2705 WhatsApp message sent.
2025-12-17 15:28:30,626 | INFO | \u267b\ufe0f Reset processed file list (folder empty)
2025-12-19 09:28:40,133 | INFO | \U0001f4c2 Watching for Excel/CSV files...
2025-12-22 11:50:18,658 | INFO | \U0001f4c2 Watching for Excel/CSV files...
2025-12-26 16:54:59,091 | INFO | \U0001f4c2 Watching for Excel/CSV files...
2025-12-29 09:10:04,546 | INFO | \U0001f4c2 Watching for Excel/CSV files...
2026-01-01 10:10:22,042 | INFO | \U0001f4c2 Watching for Excel/CSV files...
2026-01-01 11:47:42,929 | INFO | \U0001f4c2 Watching for Excel/CSV files...
2026-01-02 12:10:55,911 | INFO | \U0001f4c2 Watching for Excel/CSV files...
2026-01-05 08:55:36,417 | INFO | \U0001f4c2 Watching for Excel/CSV files...
2026-01-06 15:00:12,044 | INFO | \U0001f4c2 Watching for Excel/CSV files...
2026-01-08 16:49:18,689 | INFO | \U0001f4c2 Watching for Excel/CSV files...
2026-01-10 18:19:32,892 | INFO | \U0001f4c2 Watching for Excel/CSV files...
2026-01-11 10:22:13,402 | INFO | \U0001f4c2 Watching for Excel/CSV files...
2026-01-13 12:56:22,916 | INFO | \U0001f4c2 Watching for Excel/CSV files...
2026-01-19 14:56:33,374 | INFO | \U0001f4c2 Watching for Excel/CSV files...
2026-01-19 15:12:26,673 | INFO | \U0001f4c2 Watching for Excel/CSV files...
2026-01-19 16:51:00,540 | INFO | \U0001f4c4 Detected file: 19.01.2026.xls
2026-01-19 16:51:01,700 | INFO | \U0001f4c4 Detected file: 19.01.2026.xls
2026-01-19 16:51:09,690 | INFO | \u2705 Message generated.
2026-01-19 16:51:09,692 | INFO | \u2705 Message generated.
2026-01-19 16:51:19,693 | ERROR | \u26a0\ufe0f Could not delete input file: [WinError 2] The system cannot find the file specified: 'C:\\AttendanceAutomation\\Input\\19.01.2026.xls'
2026-01-19 16:51:19,694 | ERROR | \u26a0\ufe0f Could not delete input file: [WinError 2] The system cannot find the file specified: 'C:\\AttendanceAutomation\\Input\\19.01.2026.xls'
2026-01-19 16:52:22,410 | INFO | \u2705 WhatsApp message sent.
2026-01-19 16:52:22,583 | INFO | \u2705 WhatsApp message sent.
2026-01-19 16:52:24,415 | INFO | \u267b\ufe0f Reset processed file list (folder empty)
2026-01-19 16:52:24,584 | INFO | \u267b\ufe0f Reset processed file list (folder empty)
2026-01-20 15:06:42,591 | INFO | \U0001f4c4 Detected file: 20.01.2026-UPDATED.xls
2026-01-20 15:06:52,303 | INFO | \u2705 Message generated.
2026-01-20 15:06:52,377 | INFO | \u2705 Message generated.
2026-01-20 15:07:02,304 | ERROR | \u26a0\ufe0f Could not delete input file: [WinError 2] The system cannot find the file specified: 'C:\\AttendanceAutomation\\Input\\20.01.2026-UPDATED.xls'
2026-01-20 15:07:02,378 | ERROR | \u26a0\ufe0f Could not delete input file: [WinError 2] The system cannot find the file specified: 'C:\\AttendanceAutomation\\Input\\20.01.2026-UPDATED.xls'
2026-01-20 15:07:25,896 | ERROR | \u274c Script failed: C:\AttendanceAutomation\whatsapp_sender.py | Command '['python', 'C:\\AttendanceAutomation\\whatsapp_sender.py']' returned non-zero exit status 1.
2026-01-20 15:07:25,898 | ERROR | \u26a0\ufe0f WhatsApp send failed.
2026-01-20 15:07:27,899 | INFO | \u267b\ufe0f Reset processed file list (folder empty)
2026-01-20 15:08:04,746 | INFO | \u2705 WhatsApp message sent.
2026-01-20 15:08:06,747 | INFO | \u267b\ufe0f Reset processed file list (folder empty)
2026-01-20 17:42:20,934 | INFO | \U0001f4c4 Detected file: Employee Punch Monitor.xls
2026-01-20 17:42:21,926 | INFO | \U0001f4c4 Detected file: Employee Punch Monitor.xls
2026-01-20 17:42:30,175 | INFO | \u2705 Message generated.
2026-01-20 17:42:30,177 | INFO | \u2705 Message generated.
2026-01-20 17:42:40,182 | ERROR | \u26a0\ufe0f Could not delete input file: [WinError 2] The system cannot find the file specified: 'C:\\AttendanceAutomation\\Input\\Employee Punch Monitor.xls'
2026-01-20 17:42:40,183 | ERROR | \u26a0\ufe0f Could not delete input file: [WinError 2] The system cannot find the file specified: 'C:\\AttendanceAutomation\\Input\\Employee Punch Monitor.xls'
2026-01-20 17:43:03,722 | ERROR | \u274c Script failed: C:\AttendanceAutomation\whatsapp_sender.py | Command '['python', 'C:\\AttendanceAutomation\\whatsapp_sender.py']' returned non-zero exit status 1.
2026-01-20 17:43:03,723 | ERROR | \u26a0\ufe0f WhatsApp send failed.
2026-01-20 17:43:05,723 | INFO | \u267b\ufe0f Reset processed file list (folder empty)
2026-01-20 17:43:42,324 | INFO | \u2705 WhatsApp message sent.
2026-01-20 17:43:44,325 | INFO | \u267b\ufe0f Reset processed file list (folder empty)
2026-01-21 12:58:08,390 | INFO | \U0001f4c4 Detected file: Employee Punch Monitor.xls
2026-01-21 12:58:09,707 | INFO | \U0001f4c4 Detected file: Employee Punch Monitor.xls
2026-01-21 12:58:18,064 | INFO | \u2705 Message generated.
2026-01-21 12:58:18,312 | INFO | \u2705 Message generated.
2026-01-21 12:58:28,065 | ERROR | \u26a0\ufe0f Could not delete input file: [WinError 2] The system cannot find the file specified: 'C:\\AttendanceAutomation\\Input\\Employee Punch Monitor.xls'
2026-01-21 12:58:28,313 | ERROR | \u26a0\ufe0f Could not delete input file: [WinError 2] The system cannot find the file specified: 'C:\\AttendanceAutomation\\Input\\Employee Punch Monitor.xls'
2026-01-21 12:59:30,731 | INFO | \u2705 WhatsApp message sent.
2026-01-21 12:59:30,847 | INFO | \u2705 WhatsApp message sent.
2026-01-21 12:59:32,732 | INFO | \u267b\ufe0f Reset processed file list (folder empty)
2026-01-21 12:59:32,847 | INFO | \u267b\ufe0f Reset processed file list (folder empty)
2026-01-21 16:40:09,055 | INFO | \U0001f4c4 Detected file: Employee Punch Monitor.xls
2026-01-21 16:40:09,121 | INFO | \U0001f4c4 Detected file: Employee Punch Monitor.xls
2026-01-21 16:40:19,092 | INFO | \u2705 Message generated.
2026-01-21 16:40:19,381 | INFO | \u2705 Message generated.
2026-01-21 16:40:29,093 | ERROR | \u26a0\ufe0f Could not delete input file: [WinError 2] The system cannot find the file specified: 'C:\\AttendanceAutomation\\Input\\Employee Punch Monitor.xls'
2026-01-21 16:40:29,383 | ERROR | \u26a0\ufe0f Could not delete input file: [WinError 2] The system cannot find the file specified: 'C:\\AttendanceAutomation\\Input\\Employee Punch Monitor.xls'
2026-01-21 16:41:31,504 | INFO | \u2705 WhatsApp message sent.
2026-01-21 16:41:31,579 | INFO | \u2705 WhatsApp message sent.
2026-01-21 16:41:33,504 | INFO | \u267b\ufe0f Reset processed file list (folder empty)
2026-01-21 16:41:33,579 | INFO | \u267b\ufe0f Reset processed file list (folder empty)
2026-01-22 12:57:39,018 | INFO | \U0001f4c4 Detected file: Employee Punch Monitor.xls
2026-01-22 12:57:39,345 | INFO | \U0001f4c4 Detected file: Employee Punch Monitor.xls
2026-01-22 12:57:48,070 | INFO | \u2705 Message generated.
2026-01-22 12:57:48,389 | INFO | \u2705 Message generated.
2026-01-22 12:57:58,072 | ERROR | \u26a0\ufe0f Could not delete input file: [WinError 2] The system cannot find the file specified: 'C:\\AttendanceAutomation\\Input\\Employee Punch Monitor.xls'
2026-01-22 12:57:58,391 | ERROR | \u26a0\ufe0f Could not delete input file: [WinError 2] The system cannot find the file specified: 'C:\\AttendanceAutomation\\Input\\Employee Punch Monitor.xls'
2026-01-22 12:59:00,241 | INFO | \u2705 WhatsApp message sent.
2026-01-22 12:59:02,242 | INFO | \u267b\ufe0f Reset processed file list (folder empty)
2026-01-22 12:59:02,242 | INFO | \u267b\ufe0f Reset processed file list (folder empty)
2026-01-22 16:35:28,688 | INFO | \U0001f4c4 Detected file: Employee Punch Monitor.xls
2026-01-22 16:35:28,687 | INFO | \U0001f4c4 Detected file: Employee Punch Monitor.xls
2026-01-22 16:35:37,504 | INFO | \u2705 Message generated.
2026-01-22 16:35:37,650 | INFO | \u2705 Message generated.
2026-01-22 16:35:47,505 | ERROR | \u26a0\ufe0f Could not delete input file: [WinError 2] The system cannot find the file specified: 'C:\\AttendanceAutomation\\Input\\Employee Punch Monitor.xls'
2026-01-22 16:35:47,651 | ERROR | \u26a0\ufe0f Could not delete input file: [WinError 2] The system cannot find the file specified: 'C:\\AttendanceAutomation\\Input\\Employee Punch Monitor.xls'
2026-01-22 16:36:50,431 | INFO | \u2705 WhatsApp message sent.
2026-01-22 16:36:50,591 | INFO | \u2705 WhatsApp message sent.
2026-01-22 16:36:52,432 | INFO | \u267b\ufe0f Reset processed file list (folder empty)
2026-01-22 16:36:52,592 | INFO | \u267b\ufe0f Reset processed file list (folder empty)
2026-01-23 10:28:58,640 | INFO | \U0001f4c4 Detected file: ATTENDANCE REPORT.xlsx
2026-01-23 10:28:58,646 | INFO | \U0001f4c4 Detected file: ATTENDANCE REPORT.xlsx
2026-01-23 10:29:08,164 | INFO | \u2705 Message generated.
2026-01-23 10:29:08,166 | INFO | \u2705 Message generated.
2026-01-23 10:29:18,165 | ERROR | \u26a0\ufe0f Could not delete input file: [WinError 2] The system cannot find the file specified: 'C:\\AttendanceAutomation\\Input\\ATTENDANCE REPORT.xlsx'
2026-01-23 10:29:18,167 | ERROR | \u26a0\ufe0f Could not delete input file: [WinError 2] The system cannot find the file specified: 'C:\\AttendanceAutomation\\Input\\ATTENDANCE REPORT.xlsx'
2026-01-23 10:30:28,608 | INFO | \u2705 WhatsApp message sent.
2026-01-23 10:30:29,343 | INFO | \u2705 WhatsApp message sent.
2026-01-23 10:30:30,609 | INFO | \u267b\ufe0f Reset processed file list (folder empty)
2026-01-23 10:30:31,344 | INFO | \u267b\ufe0f Reset processed file list (folder empty)
2026-01-23 10:30:40,612 | INFO | \U0001f4c4 Detected file: ATTENDANCE REPORT.xlsx
2026-01-23 10:30:41,348 | INFO | \U0001f4c4 Detected file: ATTENDANCE REPORT.xlsx
2026-01-23 10:30:48,839 | INFO | \u2705 Message generated.
2026-01-23 10:30:49,182 | INFO | \u2705 Message generated.
2026-01-23 10:30:58,840 | ERROR | \u26a0\ufe0f Could not delete input file: [WinError 2] The system cannot find the file specified: 'C:\\AttendanceAutomation\\Input\\ATTENDANCE REPORT.xlsx'
2026-01-23 10:30:59,182 | ERROR | \u26a0\ufe0f Could not delete input file: [WinError 2] The system cannot find the file specified: 'C:\\AttendanceAutomation\\Input\\ATTENDANCE REPORT.xlsx'
2026-01-23 10:31:58,235 | ERROR | \u274c Script failed: C:\AttendanceAutomation\whatsapp_sender.py | Command '['python', 'C:\\AttendanceAutomation\\whatsapp_sender.py']' returned non-zero exit status 3221225786.
2026-01-23 10:31:58,236 | ERROR | \u26a0\ufe0f WhatsApp send failed.
2026-01-23 10:32:00,236 | INFO | \u267b\ufe0f Reset processed file list (folder empty)
2026-01-23 10:32:07,723 | INFO | \u2705 WhatsApp message sent.
2026-01-23 10:32:09,723 | INFO | \u267b\ufe0f Reset processed file list (folder empty)
2026-01-23 10:32:50,255 | INFO | \U0001f4c4 Detected file: ATTENDANCE REPORT.xlsx
2026-01-23 10:32:51,738 | INFO | \U0001f4c4 Detected file: ATTENDANCE REPORT.xlsx
2026-01-23 10:32:57,459 | INFO | \u2705 Message generated.
2026-01-23 10:32:57,555 | INFO | \u2705 Message generated.
2026-01-23 10:33:07,459 | ERROR | \u26a0\ufe0f Could not delete input file: [WinError 2] The system cannot find the file specified: 'C:\\AttendanceAutomation\\Input\\ATTENDANCE REPORT.xlsx'
2026-01-23 10:33:07,556 | ERROR | \u26a0\ufe0f Could not delete input file: [WinError 2] The system cannot find the file specified: 'C:\\AttendanceAutomation\\Input\\ATTENDANCE REPORT.xlsx'
2026-01-23 10:34:15,293 | INFO | \u2705 WhatsApp message sent.
2026-01-23 10:34:15,861 | INFO | \u2705 WhatsApp message sent.
2026-01-23 10:34:17,294 | INFO | \u267b\ufe0f Reset processed file list (folder empty)
2026-01-23 10:34:17,862 | INFO | \u267b\ufe0f Reset processed file list (folder empty)
2026-01-23 10:34:59,306 | INFO | \U0001f4c4 Detected file: ATTENDANCE REPORT.xlsx
2026-01-23 10:34:59,876 | INFO | \U0001f4c4 Detected file: ATTENDANCE REPORT.xlsx
2026-01-23 10:35:06,445 | INFO | \u2705 Message generated.
2026-01-23 10:35:06,911 | INFO | \u2705 Message generated.
2026-01-23 10:35:16,447 | ERROR | \u26a0\ufe0f Could not delete input file: [WinError 2] The system cannot find the file specified: 'C:\\AttendanceAutomation\\Input\\ATTENDANCE REPORT.xlsx'
2026-01-23 10:35:16,913 | ERROR | \u26a0\ufe0f Could not delete input file: [WinError 2] The system cannot find the file specified: 'C:\\AttendanceAutomation\\Input\\ATTENDANCE REPORT.xlsx'
2026-01-23 10:35:40,388 | ERROR | \u274c Script failed: C:\AttendanceAutomation\whatsapp_sender.py | Command '['python', 'C:\\AttendanceAutomation\\whatsapp_sender.py']' returned non-zero exit status 1.
2026-01-23 10:35:40,389 | ERROR | \u26a0\ufe0f WhatsApp send failed.
2026-01-23 10:35:42,390 | INFO | \u267b\ufe0f Reset processed file list (folder empty)
2026-01-23 10:36:27,733 | INFO | \u2705 WhatsApp message sent.
2026-01-23 10:36:29,734 | INFO | \u267b\ufe0f Reset processed file list (folder empty)
2026-01-23 11:38:03,390 | INFO | \U0001f4c2 Watching for Excel/CSV files...
2026-01-23 12:53:50,926 | INFO | \U0001f4c4 Detected file: Employee Punch Monitor.xls
2026-01-23 12:54:00,196 | INFO | \u2705 Message generated.
2026-01-23 12:54:10,198 | ERROR | \u26a0\ufe0f Could not delete input file: [WinError 2] The system cannot find the file specified: 'C:\\AttendanceAutomation\\Input\\Employee Punch Monitor.xls'
2026-01-23 12:55:12,284 | INFO | \u2705 WhatsApp message sent.
2026-01-23 12:55:14,286 | INFO | \u267b\ufe0f Reset processed file list (folder empty)
2026-01-23 16:22:48,329 | INFO | \U0001f4c4 Detected file: Employee Punch Monitor.xls
2026-01-23 16:22:57,562 | INFO | \u2705 Message generated.
2026-01-23 16:23:07,566 | ERROR | \u26a0\ufe0f Could not delete input file: [WinError 2] The system cannot find the file specified: 'C:\\AttendanceAutomation\\Input\\Employee Punch Monitor.xls'
2026-01-23 16:24:09,684 | INFO | \u2705 WhatsApp message sent.
2026-01-23 16:24:11,685 | INFO | \u267b\ufe0f Reset processed file list (folder empty)
2026-01-24 13:39:01,129 | INFO | \U0001f4c4 Detected file: 24.1.26.xls
2026-01-24 13:39:10,409 | INFO | \u2705 Message generated.
2026-01-24 13:39:20,411 | ERROR | \u26a0\ufe0f Could not delete input file: [WinError 2] The system cannot find the file specified: 'C:\\AttendanceAutomation\\Input\\24.1.26.xls'
2026-01-24 13:40:22,865 | INFO | \u2705 WhatsApp message sent.
2026-01-24 13:40:24,867 | INFO | \u267b\ufe0f Reset processed file list (folder empty)
2026-01-24 16:01:09,448 | INFO | \U0001f4c4 Detected file: Employee Punch Monitor.xls
2026-01-24 16:01:19,333 | INFO | \u2705 Message generated.
2026-01-24 16:01:29,334 | ERROR | \u26a0\ufe0f Could not delete input file: [WinError 2] The system cannot find the file specified: 'C:\\AttendanceAutomation\\Input\\Employee Punch Monitor.xls'
2026-01-24 16:02:31,094 | INFO | \u2705 WhatsApp message sent.
2026-01-24 16:02:33,095 | INFO | \u267b\ufe0f Reset processed file list (folder empty)
2026-01-27 13:20:58,403 | INFO | \U0001f4c4 Detected file: Employee Punch Monitor.xls
2026-01-27 13:21:07,192 | INFO | \u2705 Message generated.
2026-01-27 13:21:17,193 | ERROR | \u26a0\ufe0f Could not delete input file: [WinError 2] The system cannot find the file specified: 'C:\\AttendanceAutomation\\Input\\Employee Punch Monitor.xls'
2026-01-27 13:22:18,972 | INFO | \u2705 WhatsApp message sent.
2026-01-27 13:22:20,973 | INFO | \u267b\ufe0f Reset processed file list (folder empty)
2026-01-27 17:15:31,525 | INFO | \U0001f4c4 Detected file: 27-1-26.xls
2026-01-27 17:15:39,605 | INFO | \u2705 Message generated.
2026-01-27 17:15:49,606 | ERROR | \u26a0\ufe0f Could not delete input file: [WinError 2] The system cannot find the file specified: 'C:\\AttendanceAutomation\\Input\\27-1-26.xls'
2026-01-27 17:16:50,628 | INFO | \u2705 WhatsApp message sent.
2026-01-27 17:16:52,629 | INFO | \u267b\ufe0f Reset processed file list (folder empty)
2026-01-27 17:50:11,957 | INFO | \U0001f4c2 Watching for Excel/CSV files...
2026-01-28 16:31:33,804 | INFO | \U0001f4c4 Detected file: 28.1.26.xls
2026-01-28 16:31:43,016 | INFO | \u2705 Message generated.
2026-01-28 16:31:53,022 | ERROR | \u26a0\ufe0f Could not delete input file: [WinError 2] The system cannot find the file specified: 'C:\\AttendanceAutomation\\Input\\28.1.26.xls'
2026-01-28 16:32:55,203 | INFO | \u2705 WhatsApp message sent.
2026-01-28 16:32:57,205 | INFO | \u267b\ufe0f Reset processed file list (folder empty)
2026-01-29 13:37:57,687 | INFO | \U0001f4c4 Detected file: 29.01.26.xls
2026-01-29 13:38:06,539 | INFO | \u2705 Message generated.
2026-01-29 13:38:16,542 | ERROR | \u26a0\ufe0f Could not delete input file: [WinError 2] The system cannot find the file specified: 'C:\\AttendanceAutomation\\Input\\29.01.26.xls'
2026-01-29 13:39:18,921 | INFO | \u2705 WhatsApp message sent.
2026-01-29 13:39:20,922 | INFO | \u267b\ufe0f Reset processed file list (folder empty)
2026-01-29 17:17:29,194 | INFO | \U0001f4c4 Detected file: 29.1.26.xls
2026-01-29 17:17:36,793 | INFO | \u2705 Message generated.
2026-01-29 17:17:46,794 | ERROR | \u26a0\ufe0f Could not delete input file: [WinError 2] The system cannot find the file specified: 'C:\\AttendanceAutomation\\Input\\29.1.26.xls'
2026-01-29 17:18:48,453 | INFO | \u2705 WhatsApp message sent.
2026-01-29 17:18:50,453 | INFO | \u267b\ufe0f Reset processed file list (folder empty)
2026-01-29 17:24:32,584 | INFO | \U0001f4c4 Detected file: 29.1.26.xls
2026-01-29 17:24:39,753 | INFO | \u2705 Message generated.
2026-01-29 17:24:49,754 | ERROR | \u26a0\ufe0f Could not delete input file: [WinError 2] The system cannot find the file specified: 'C:\\AttendanceAutomation\\Input\\29.1.26.xls'
2026-01-29 17:25:51,068 | INFO | \u2705 WhatsApp message sent.
2026-01-29 17:25:53,069 | INFO | \u267b\ufe0f Reset processed file list (folder empty)
2026-01-30 13:43:46,240 | INFO | \U0001f4c4 Detected file: 30.01.2026.xls
2026-01-30 13:43:54,301 | INFO | \u2705 Message generated.
2026-01-30 13:44:04,302 | ERROR | \u26a0\ufe0f Could not delete input file: [WinError 2] The system cannot find the file specified: 'C:\\AttendanceAutomation\\Input\\30.01.2026.xls'
2026-01-30 13:45:06,592 | INFO | \u2705 WhatsApp message sent.
2026-01-30 13:45:08,593 | INFO | \u267b\ufe0f Reset processed file list (folder empty)
2026-01-30 15:57:49,107 | INFO | \U0001f4c4 Detected file: 30.01.2026.xls
2026-01-30 15:57:56,351 | INFO | \u2705 Message generated.
2026-01-30 15:58:06,353 | ERROR | \u26a0\ufe0f Could not delete input file: [WinError 2] The system cannot find the file specified: 'C:\\AttendanceAutomation\\Input\\30.01.2026.xls'
2026-01-30 15:59:08,191 | INFO | \u2705 WhatsApp message sent.
2026-01-30 15:59:10,193 | INFO | \u267b\ufe0f Reset processed file list (folder empty)
2026-01-31 14:43:12,731 | INFO | \U0001f4c4 Detected file: 31.01.2026.xls
2026-01-31 14:43:22,003 | INFO | \u2705 Message generated.
2026-01-31 14:43:32,004 | ERROR | \u26a0\ufe0f Could not delete input file: [WinError 2] The system cannot find the file specified: 'C:\\AttendanceAutomation\\Input\\31.01.2026.xls'
2026-01-31 14:44:36,829 | INFO | \u2705 WhatsApp message sent.
2026-01-31 14:44:38,830 | INFO | \u267b\ufe0f Reset processed file list (folder empty)
2026-01-31 17:12:11,744 | INFO | \U0001f4c4 Detected file: 31.01.2026.xls
2026-01-31 17:12:19,485 | INFO | \u2705 Message generated.
2026-01-31 17:12:29,487 | ERROR | \u26a0\ufe0f Could not delete input file: [WinError 2] The system cannot find the file specified: 'C:\\AttendanceAutomation\\Input\\31.01.2026.xls'
2026-01-31 17:13:31,510 | INFO | \u2705 WhatsApp message sent.
2026-01-31 17:13:33,510 | INFO | \u267b\ufe0f Reset processed file list (folder empty)
2026-02-02 12:09:30,753 | INFO | \U0001f4c4 Detected file: Employee Punch Monitor.xls
2026-02-02 12:09:39,441 | INFO | \u2705 Message generated.
2026-02-02 12:09:49,448 | ERROR | \u26a0\ufe0f Could not delete input file: [WinError 2] The system cannot find the file specified: 'C:\\AttendanceAutomation\\Input\\Employee Punch Monitor.xls'
2026-02-02 12:10:52,282 | INFO | \u2705 WhatsApp message sent.
2026-02-02 12:10:54,283 | INFO | \u267b\ufe0f Reset processed file list (folder empty)
2026-02-02 16:08:55,194 | INFO | \U0001f4c4 Detected file: 02.02.26.xls
2026-02-02 16:09:04,532 | INFO | \u2705 Message generated.
2026-02-02 16:09:14,534 | ERROR | \u26a0\ufe0f Could not delete input file: [WinError 2] The system cannot find the file specified: 'C:\\AttendanceAutomation\\Input\\02.02.26.xls'
2026-02-02 16:10:16,625 | INFO | \u2705 WhatsApp message sent.
2026-02-02 16:10:18,626 | INFO | \u267b\ufe0f Reset processed file list (folder empty)
2026-02-03 10:45:08,977 | INFO | \U0001f4c4 Detected file: attendance_combined.xlsx
2026-02-03 10:45:16,988 | INFO | \u2705 Message generated.
2026-02-03 10:45:26,989 | ERROR | \u26a0\ufe0f Could not delete input file: [WinError 2] The system cannot find the file specified: 'C:\\AttendanceAutomation\\Input\\attendance_combined.xlsx'
2026-02-03 10:46:29,203 | INFO | \u2705 WhatsApp message sent.
2026-02-03 10:46:31,203 | INFO | \u267b\ufe0f Reset processed file list (folder empty)
2026-02-03 14:06:39,404 | INFO | \U0001f4c4 Detected file: 03.02.2026.xls
2026-02-03 14:06:47,833 | INFO | \u2705 Message generated.
2026-02-03 14:06:57,834 | ERROR | \u26a0\ufe0f Could not delete input file: [WinError 2] The system cannot find the file specified: 'C:\\AttendanceAutomation\\Input\\03.02.2026.xls'
2026-02-03 14:08:00,375 | INFO | \u2705 WhatsApp message sent.
2026-02-03 14:08:02,376 | INFO | \u267b\ufe0f Reset processed file list (folder empty)
2026-02-03 14:23:26,698 | INFO | \U0001f4c4 Detected file: attendance_combined.xlsx
2026-02-03 14:23:34,837 | INFO | \u2705 Message generated.
2026-02-03 14:23:44,841 | INFO | \U0001f5d1\ufe0f Deleted input file: attendance_combined.xlsx
2026-02-03 14:24:15,854 | ERROR | \u274c Script failed: C:\AttendanceAutomation\whatsapp_sender.py | Command '['python', 'C:\\AttendanceAutomation\\whatsapp_sender.py']' returned non-zero exit status 3221225786.
2026-02-03 14:24:15,856 | ERROR | \u26a0\ufe0f WhatsApp send failed.
2026-02-03 14:24:19,882 | INFO | \U0001f4c4 Detected file: attendance_combined.xlsx
2026-02-03 14:24:26,384 | INFO | \u2705 Message generated.
2026-02-03 14:24:36,386 | INFO | \U0001f5d1\ufe0f Deleted input file: attendance_combined.xlsx
2026-02-03 14:25:07,833 | ERROR | \u274c Script failed: C:\AttendanceAutomation\whatsapp_sender.py | Command '['python', 'C:\\AttendanceAutomation\\whatsapp_sender.py']' returned non-zero exit status 3221225786.
2026-02-03 14:25:07,834 | ERROR | \u26a0\ufe0f WhatsApp send failed.
2026-02-03 14:25:11,860 | INFO | \U0001f4c4 Detected file: attendance_combined.xlsx
2026-02-03 14:25:18,521 | INFO | \u2705 Message generated.
2026-02-03 14:25:28,522 | ERROR | \u26a0\ufe0f Could not delete input file: [WinError 2] The system cannot find the file specified: 'C:\\AttendanceAutomation\\Input\\attendance_combined.xlsx'
2026-02-03 14:25:56,446 | ERROR | \u274c Script failed: C:\AttendanceAutomation\whatsapp_sender.py | Command '['python', 'C:\\AttendanceAutomation\\whatsapp_sender.py']' returned non-zero exit status 3221225786.
2026-02-03 14:25:56,446 | ERROR | \u26a0\ufe0f WhatsApp send failed.
2026-02-03 14:25:58,447 | INFO | \u267b\ufe0f Reset processed file list (folder empty)
2026-02-03 14:31:04,566 | INFO | \U0001f4c4 Detected file: attendance_combined.xlsx
2026-02-03 14:31:10,780 | INFO | \u2705 Message generated.
2026-02-03 14:31:20,781 | ERROR | \u26a0\ufe0f Could not delete input file: [WinError 2] The system cannot find the file specified: 'C:\\AttendanceAutomation\\Input\\attendance_combined.xlsx'
2026-02-03 14:31:49,429 | ERROR | \u274c Script failed: C:\AttendanceAutomation\whatsapp_sender.py | Command '['python', 'C:\\AttendanceAutomation\\whatsapp_sender.py']' returned non-zero exit status 3221225786.
2026-02-03 14:31:49,429 | ERROR | \u26a0\ufe0f WhatsApp send failed.
2026-02-03 14:31:51,430 | INFO | \u267b\ufe0f Reset processed file list (folder empty)
2026-02-03 14:40:05,634 | INFO | \U0001f4c4 Detected file: attendance_combined.xlsx
2026-02-03 14:40:12,159 | INFO | \u2705 Message generated.
2026-02-03 14:40:22,160 | ERROR | \u26a0\ufe0f Could not delete input file: [WinError 2] The system cannot find the file specified: 'C:\\AttendanceAutomation\\Input\\attendance_combined.xlsx'
2026-02-03 14:40:47,666 | ERROR | \u274c Script failed: C:\AttendanceAutomation\whatsapp_sender.py | Command '['python', 'C:\\AttendanceAutomation\\whatsapp_sender.py']' returned non-zero exit status 3221225786.
2026-02-03 14:40:47,667 | ERROR | \u26a0\ufe0f WhatsApp send failed.
2026-02-03 14:40:49,667 | INFO | \u267b\ufe0f Reset processed file list (folder empty)
2026-02-03 14:41:19,710 | INFO | \U0001f4c4 Detected file: 03.02.2026.xls
2026-02-03 14:41:26,495 | INFO | \u2705 Message generated.
2026-02-03 14:41:36,496 | ERROR | \u26a0\ufe0f Could not delete input file: [WinError 2] The system cannot find the file specified: 'C:\\AttendanceAutomation\\Input\\03.02.2026.xls'
2026-02-03 14:41:55,377 | INFO | \U0001f4c2 Watching for Excel/CSV files...
2026-02-03 14:42:46,954 | ERROR | \u274c Script failed: C:\AttendanceAutomation\whatsapp_sender.py | Command '['python', 'C:\\AttendanceAutomation\\whatsapp_sender.py']' returned non-zero exit status 3221225786.
2026-02-03 14:42:46,956 | ERROR | \u26a0\ufe0f WhatsApp send failed.
2026-02-03 14:42:48,957 | INFO | \u267b\ufe0f Reset processed file list (folder empty)
2026-02-03 17:17:58,479 | INFO | \U0001f4c4 Detected file: 03.02.2026.xls
2026-02-03 17:18:00,040 | INFO | \U0001f4c4 Detected file: 03.02.2026.xls
2026-02-03 17:18:06,506 | INFO | \u2705 Message generated.
2026-02-03 17:18:06,978 | INFO | \u2705 Message generated.
2026-02-03 17:18:16,507 | ERROR | \u26a0\ufe0f Could not delete input file: [WinError 2] The system cannot find the file specified: 'C:\\AttendanceAutomation\\Input\\03.02.2026.xls'
2026-02-03 17:18:16,978 | ERROR | \u26a0\ufe0f Could not delete input file: [WinError 2] The system cannot find the file specified: 'C:\\AttendanceAutomation\\Input\\03.02.2026.xls'
2026-02-03 17:18:40,315 | ERROR | \u274c Script failed: C:\AttendanceAutomation\whatsapp_sender.py | Command '['python', 'C:\\AttendanceAutomation\\whatsapp_sender.py']' returned non-zero exit status 1.
2026-02-03 17:18:40,319 | ERROR | \u26a0\ufe0f WhatsApp send failed.
2026-02-03 17:18:42,319 | INFO | \u267b\ufe0f Reset processed file list (folder empty)
2026-02-03 17:19:18,617 | INFO | \u2705 WhatsApp message sent.
2026-02-03 17:19:20,622 | INFO | \u267b\ufe0f Reset processed file list (folder empty)
2026-02-04 09:33:07,498 | INFO | \U0001f4c4 Detected file: attendance_combined.xlsx
2026-02-04 09:33:07,887 | INFO | \U0001f4c4 Detected file: attendance_combined.xlsx
2026-02-04 09:33:15,437 | INFO | \u2705 Message generated.
2026-02-04 09:33:15,446 | INFO | \u2705 Message generated.
2026-02-04 09:33:25,438 | ERROR | \u26a0\ufe0f Could not delete input file: [WinError 2] The system cannot find the file specified: 'C:\\AttendanceAutomation\\Input\\attendance_combined.xlsx'
2026-02-04 09:33:25,447 | ERROR | \u26a0\ufe0f Could not delete input file: [WinError 2] The system cannot find the file specified: 'C:\\AttendanceAutomation\\Input\\attendance_combined.xlsx'
2026-02-04 09:34:27,998 | INFO | \u2705 WhatsApp message sent.
2026-02-04 09:34:28,459 | INFO | \u2705 WhatsApp message sent.
2026-02-04 09:34:29,999 | INFO | \u267b\ufe0f Reset processed file list (folder empty)
2026-02-04 09:34:30,460 | INFO | \u267b\ufe0f Reset processed file list (folder empty)
2026-02-04 13:20:47,379 | INFO | \U0001f4c2 Watching for Excel/CSV files...
2026-02-04 14:48:31,226 | INFO | \U0001f4c4 Detected file: 04-02-2026.xls
2026-02-04 14:48:39,517 | INFO | \u2705 Message generated.
2026-02-04 14:48:49,518 | ERROR | \u26a0\ufe0f Could not delete input file: [WinError 2] The system cannot find the file specified: 'C:\\AttendanceAutomation\\Input\\04-02-2026.xls'
2026-02-04 14:49:10,092 | INFO | \u2705 WhatsApp message sent.
2026-02-04 14:49:12,097 | INFO | \u267b\ufe0f Reset processed file list (folder empty)
2026-02-04 15:00:00,324 | INFO | \U0001f4c4 Detected file: 04.02.26.xlsx
2026-02-04 15:00:07,617 | INFO | \u2705 Message generated.
2026-02-04 15:00:17,618 | ERROR | \u26a0\ufe0f Could not delete input file: [WinError 2] The system cannot find the file specified: 'C:\\AttendanceAutomation\\Input\\04.02.26.xlsx'
2026-02-04 15:01:19,670 | INFO | \u2705 WhatsApp message sent.
2026-02-04 15:01:21,670 | INFO | \u267b\ufe0f Reset processed file list (folder empty)
2026-02-05 09:33:06,116 | INFO | \U0001f4c4 Detected file: attendance_combined.xlsx
2026-02-05 09:33:13,706 | INFO | \u2705 Message generated.
2026-02-05 09:33:23,707 | ERROR | \u26a0\ufe0f Could not delete input file: [WinError 2] The system cannot find the file specified: 'C:\\AttendanceAutomation\\Input\\attendance_combined.xlsx'
2026-02-05 09:34:25,221 | INFO | \u2705 WhatsApp message sent.
2026-02-05 09:34:27,221 | INFO | \u267b\ufe0f Reset processed file list (folder empty)
2026-02-05 14:26:29,388 | INFO | \U0001f4c4 Detected file: 05.02.2026.xls
2026-02-05 14:26:38,956 | INFO | \u2705 Message generated.
2026-02-05 14:26:48,957 | ERROR | \u26a0\ufe0f Could not delete input file: [WinError 2] The system cannot find the file specified: 'C:\\AttendanceAutomation\\Input\\05.02.2026.xls'
2026-02-05 14:27:50,922 | INFO | \u2705 WhatsApp message sent.
2026-02-05 14:27:52,922 | INFO | \u267b\ufe0f Reset processed file list (folder empty)
2026-02-05 17:15:14,374 | INFO | \U0001f4c4 Detected file: Employee Punch Monitor.xls
2026-02-05 17:15:21,562 | INFO | \u2705 Message generated.
2026-02-05 17:15:31,567 | ERROR | \u26a0\ufe0f Could not delete input file: [WinError 2] The system cannot find the file specified: 'C:\\AttendanceAutomation\\Input\\Employee Punch Monitor.xls'
2026-02-05 17:16:32,785 | INFO | \u2705 WhatsApp message sent.
2026-02-05 17:16:34,785 | INFO | \u267b\ufe0f Reset processed file list (folder empty)
2026-02-06 09:33:04,419 | INFO | \U0001f4c4 Detected file: attendance_combined.xlsx
2026-02-06 09:33:12,104 | INFO | \u2705 Message generated.
2026-02-06 09:33:22,105 | ERROR | \u26a0\ufe0f Could not delete input file: [WinError 2] The system cannot find the file specified: 'C:\\AttendanceAutomation\\Input\\attendance_combined.xlsx'
2026-02-06 09:34:24,134 | INFO | \u2705 WhatsApp message sent.
2026-02-06 09:34:26,135 | INFO | \u267b\ufe0f Reset processed file list (folder empty)
2026-02-06 18:18:17,020 | INFO | \U0001f4c4 Detected file: 06.02.2026.xls
2026-02-06 18:18:26,169 | INFO | \u2705 Message generated.
2026-02-06 18:18:36,171 | ERROR | \u26a0\ufe0f Could not delete input file: [WinError 2] The system cannot find the file specified: 'C:\\AttendanceAutomation\\Input\\06.02.2026.xls'
2026-02-06 18:19:38,364 | INFO | \u2705 WhatsApp message sent.
2026-02-06 18:19:40,365 | INFO | \u267b\ufe0f Reset processed file list (folder empty)
2026-02-07 09:33:06,689 | INFO | \U0001f4c4 Detected file: attendance_combined.xlsx
2026-02-07 09:33:14,205 | INFO | \u2705 Message generated.
2026-02-07 09:33:24,206 | ERROR | \u26a0\ufe0f Could not delete input file: [WinError 2] The system cannot find the file specified: 'C:\\AttendanceAutomation\\Input\\attendance_combined.xlsx'
2026-02-07 09:34:26,791 | INFO | \u2705 WhatsApp message sent.
2026-02-07 09:34:28,793 | INFO | \u267b\ufe0f Reset processed file list (folder empty)
2026-02-07 16:36:11,737 | INFO | \U0001f4c4 Detected file: Employee Punch Monitor.xls
2026-02-07 16:36:21,044 | INFO | \u2705 Message generated.
2026-02-07 16:36:31,045 | ERROR | \u26a0\ufe0f Could not delete input file: [WinError 2] The system cannot find the file specified: 'C:\\AttendanceAutomation\\Input\\Employee Punch Monitor.xls'
2026-02-07 16:37:33,068 | INFO | \u2705 WhatsApp message sent.
2026-02-07 16:37:35,069 | INFO | \u267b\ufe0f Reset processed file list (folder empty)
2026-02-08 10:01:18,718 | INFO | \U0001f4c2 Watching for Excel/CSV files...
2026-02-09 08:31:05,353 | INFO | \U0001f4c2 Watching for Excel/CSV files...
2026-02-09 09:33:06,605 | INFO | \U0001f4c4 Detected file: attendance_combined.xlsx
2026-02-09 09:33:14,172 | INFO | \u2705 Message generated.
2026-02-09 09:33:24,178 | ERROR | \u26a0\ufe0f Could not delete input file: [WinError 2] The system cannot find the file specified: 'C:\\AttendanceAutomation\\Input\\attendance_combined.xlsx'
2026-02-09 09:34:26,111 | INFO | \u2705 WhatsApp message sent.
2026-02-09 09:34:28,112 | INFO | \u267b\ufe0f Reset processed file list (folder empty)
2026-02-09 16:12:55,337 | INFO | \U0001f4c2 Watching for Excel/CSV files...
2026-02-09 17:05:02,420 | INFO | \U0001f4c4 Detected file: 09.02.2026.xls
2026-02-09 17:05:02,693 | INFO | \U0001f4c4 Detected file: 09.02.2026.xls
2026-02-09 17:05:10,829 | INFO | \u2705 Message generated.
2026-02-09 17:05:10,830 | INFO | \u2705 Message generated.
2026-02-09 17:05:20,830 | ERROR | \u26a0\ufe0f Could not delete input file: [WinError 2] The system cannot find the file specified: 'C:\\AttendanceAutomation\\Input\\09.02.2026.xls'
2026-02-09 17:05:20,831 | ERROR | \u26a0\ufe0f Could not delete input file: [WinError 2] The system cannot find the file specified: 'C:\\AttendanceAutomation\\Input\\09.02.2026.xls'
2026-02-09 17:06:22,505 | INFO | \u2705 WhatsApp message sent.
2026-02-09 17:06:22,830 | INFO | \u2705 WhatsApp message sent.
2026-02-09 17:06:24,506 | INFO | \u267b\ufe0f Reset processed file list (folder empty)
2026-02-09 17:06:24,831 | INFO | \u267b\ufe0f Reset processed file list (folder empty)
2026-02-10 13:18:04,340 | INFO | \U0001f4c4 Detected file: 10.02.2026.xls
2026-02-10 13:18:04,681 | INFO | \U0001f4c4 Detected file: 10.02.2026.xls
2026-02-10 13:18:13,003 | INFO | \u2705 Message generated.
2026-02-10 13:18:13,042 | INFO | \u2705 Message generated.
2026-02-10 13:18:23,005 | ERROR | \u26a0\ufe0f Could not delete input file: [WinError 2] The system cannot find the file specified: 'C:\\AttendanceAutomation\\Input\\10.02.2026.xls'
2026-02-10 13:18:23,043 | ERROR | \u26a0\ufe0f Could not delete input file: [WinError 2] The system cannot find the file specified: 'C:\\AttendanceAutomation\\Input\\10.02.2026.xls'
2026-02-10 13:19:47,962 | INFO | \u2705 WhatsApp message sent.
2026-02-10 13:19:48,073 | INFO | \u2705 WhatsApp message sent.
2026-02-10 13:19:49,962 | INFO | \u267b\ufe0f Reset processed file list (folder empty)
2026-02-10 13:19:50,074 | INFO | \u267b\ufe0f Reset processed file list (folder empty)
2026-02-10 14:16:28,309 | INFO | \U0001f4c2 Watching for Excel/CSV files...
2026-02-10 16:49:05,452 | INFO | \U0001f4c4 Detected file: 10.02.2026.xls
2026-02-10 16:49:13,794 | INFO | \u2705 Message generated.
2026-02-10 16:49:23,796 | ERROR | \u26a0\ufe0f Could not delete input file: [WinError 2] The system cannot find the file specified: 'C:\\AttendanceAutomation\\Input\\10.02.2026.xls'
2026-02-10 16:50:26,059 | INFO | \u2705 WhatsApp message sent.
2026-02-10 16:50:28,060 | INFO | \u267b\ufe0f Reset processed file list (folder empty)
2026-02-11 17:16:02,585 | INFO | \U0001f4c4 Detected file: 11.02.2026.xls
2026-02-11 17:16:11,631 | INFO | \u2705 Message generated.
2026-02-11 17:16:21,632 | ERROR | \u26a0\ufe0f Could not delete input file: [WinError 2] The system cannot find the file specified: 'C:\\AttendanceAutomation\\Input\\11.02.2026.xls'
2026-02-11 17:17:23,833 | INFO | \u2705 WhatsApp message sent.
2026-02-11 17:17:25,834 | INFO | \u267b\ufe0f Reset processed file list (folder empty)
2026-02-12 14:08:31,205 | INFO | \U0001f4c4 Detected file: 12.2.26.xls
2026-02-12 14:08:40,404 | INFO | \u2705 Message generated.
2026-02-12 14:08:50,405 | ERROR | \u26a0\ufe0f Could not delete input file: [WinError 2] The system cannot find the file specified: 'C:\\AttendanceAutomation\\Input\\12.2.26.xls'
2026-02-12 14:09:52,652 | INFO | \u2705 WhatsApp message sent.
2026-02-12 14:09:54,653 | INFO | \u267b\ufe0f Reset processed file list (folder empty)
2026-02-12 17:41:36,976 | INFO | \U0001f4c4 Detected file: 12.2.26.xls
2026-02-12 17:41:44,393 | INFO | \u2705 Message generated.
2026-02-12 17:41:54,394 | ERROR | \u26a0\ufe0f Could not delete input file: [WinError 2] The system cannot find the file specified: 'C:\\AttendanceAutomation\\Input\\12.2.26.xls'
2026-02-12 17:42:56,226 | INFO | \u2705 WhatsApp message sent.
2026-02-12 17:42:58,227 | INFO | \u267b\ufe0f Reset processed file list (folder empty)
2026-02-13 09:42:38,346 | INFO | \U0001f4c4 Detected file: attendance_combined.xlsx
2026-02-13 09:42:46,241 | INFO | \u2705 Message generated.
2026-02-13 09:42:56,246 | ERROR | \u26a0\ufe0f Could not delete input file: [WinError 2] The system cannot find the file specified: 'C:\\AttendanceAutomation\\Input\\attendance_combined.xlsx'
2026-02-13 09:43:27,069 | ERROR | \u274c Script failed: C:\AttendanceAutomation\whatsapp_sender.py | Command '['python', 'C:\\AttendanceAutomation\\whatsapp_sender.py']' returned non-zero exit status 3221225786.
2026-02-13 09:43:27,073 | ERROR | \u26a0\ufe0f WhatsApp send failed.
2026-02-13 09:43:29,073 | INFO | \u267b\ufe0f Reset processed file list (folder empty)
2026-02-13 18:06:27,514 | INFO | \U0001f4c4 Detected file: ACADEMIC.xls
2026-02-13 18:06:36,065 | INFO | \u2705 Message generated.
2026-02-13 18:06:46,067 | ERROR | \u26a0\ufe0f Could not delete input file: [WinError 2] The system cannot find the file specified: 'C:\\AttendanceAutomation\\Input\\ACADEMIC.xls'
2026-02-13 18:07:48,793 | INFO | \u2705 WhatsApp message sent.
2026-02-13 18:07:50,794 | INFO | \u267b\ufe0f Reset processed file list (folder empty)
2026-02-14 14:43:49,013 | INFO | \U0001f4c4 Detected file: Employee Punch Monitor.xls
2026-02-14 14:43:59,284 | INFO | \u2705 Message generated.
2026-02-14 14:44:09,290 | ERROR | \u26a0\ufe0f Could not delete input file: [WinError 2] The system cannot find the file specified: 'C:\\AttendanceAutomation\\Input\\Employee Punch Monitor.xls'
2026-02-14 14:45:13,766 | INFO | \u2705 WhatsApp message sent.
2026-02-14 14:45:15,767 | INFO | \u267b\ufe0f Reset processed file list (folder empty)
2026-02-14 17:49:37,833 | INFO | \U0001f4c4 Detected file: Employee Punch Monitor.xls
2026-02-14 17:49:45,191 | INFO | \u2705 Message generated.
2026-02-14 17:49:55,192 | ERROR | \u26a0\ufe0f Could not delete input file: [WinError 2] The system cannot find the file specified: 'C:\\AttendanceAutomation\\Input\\Employee Punch Monitor.xls'
2026-02-14 17:50:57,560 | INFO | \u2705 WhatsApp message sent.
2026-02-14 17:50:59,560 | INFO | \u267b\ufe0f Reset processed file list (folder empty)
2026-02-14 18:57:10,832 | INFO | \U0001f4c2 Watching for Excel/CSV files...
2026-02-16 09:44:42,423 | INFO | \U0001f4c4 Detected file: attendance_combined.xlsx
2026-02-16 09:44:51,096 | INFO | \u2705 Message generated.
2026-02-16 09:45:01,099 | ERROR | \u26a0\ufe0f Could not delete input file: [WinError 2] The system cannot find the file specified: 'C:\\AttendanceAutomation\\Input\\attendance_combined.xlsx'
2026-02-16 09:46:03,877 | INFO | \u2705 WhatsApp message sent.
2026-02-16 09:46:05,879 | INFO | \u267b\ufe0f Reset processed file list (folder empty)
2026-02-16 15:18:03,484 | INFO | \U0001f4c4 Detected file: Employee Punch Monitor.xls
2026-02-16 15:18:10,788 | INFO | \u2705 Message generated.
2026-02-16 15:18:20,794 | ERROR | \u26a0\ufe0f Could not delete input file: [WinError 2] The system cannot find the file specified: 'C:\\AttendanceAutomation\\Input\\Employee Punch Monitor.xls'
2026-02-16 15:18:45,175 | ERROR | \u274c Script failed: C:\AttendanceAutomation\whatsapp_sender.py | Command '['python', 'C:\\AttendanceAutomation\\whatsapp_sender.py']' returned non-zero exit status 1.
2026-02-16 15:18:45,176 | ERROR | \u26a0\ufe0f WhatsApp send failed.
2026-02-16 15:18:47,177 | INFO | \u267b\ufe0f Reset processed file list (folder empty)
2026-02-16 18:00:56,734 | INFO | \U0001f4c4 Detected file: 16.2.26.xls
2026-02-16 18:01:04,248 | INFO | \u2705 Message generated.
2026-02-16 18:01:14,249 | ERROR | \u26a0\ufe0f Could not delete input file: [WinError 2] The system cannot find the file specified: 'C:\\AttendanceAutomation\\Input\\16.2.26.xls'
2026-02-16 18:02:16,248 | INFO | \u2705 WhatsApp message sent.
2026-02-16 18:02:18,249 | INFO | \u267b\ufe0f Reset processed file list (folder empty)
2026-02-17 16:30:09,936 | INFO | \U0001f4c4 Detected file: 17.2.26.xls
2026-02-17 16:30:20,398 | INFO | \u2705 Message generated.
2026-02-17 16:30:30,399 | ERROR | \u26a0\ufe0f Could not delete input file: [WinError 2] The system cannot find the file specified: 'C:\\AttendanceAutomation\\Input\\17.2.26.xls'
2026-02-17 16:31:32,827 | INFO | \u2705 WhatsApp message sent.
2026-02-17 16:31:34,828 | INFO | \u267b\ufe0f Reset processed file list (folder empty)
2026-02-17 18:40:15,891 | INFO | \U0001f4c4 Detected file: 17.02.2026.xls
2026-02-17 18:40:23,195 | INFO | \u2705 Message generated.
2026-02-17 18:40:33,195 | ERROR | \u26a0\ufe0f Could not delete input file: [WinError 2] The system cannot find the file specified: 'C:\\AttendanceAutomation\\Input\\17.02.2026.xls'
2026-02-17 18:41:35,773 | INFO | \u2705 WhatsApp message sent.
2026-02-17 18:41:37,774 | INFO | \u267b\ufe0f Reset processed file list (folder empty)
2026-02-18 18:04:27,963 | INFO | \U0001f4c4 Detected file: 18.2.26.xls
2026-02-18 18:04:37,471 | INFO | \u2705 Message generated.
2026-02-18 18:04:47,472 | ERROR | \u26a0\ufe0f Could not delete input file: [WinError 2] The system cannot find the file specified: 'C:\\AttendanceAutomation\\Input\\18.2.26.xls'
2026-02-18 18:05:50,001 | INFO | \u2705 WhatsApp message sent.
2026-02-18 18:05:52,002 | INFO | \u267b\ufe0f Reset processed file list (folder empty)
2026-02-19 09:45:47,370 | INFO | \U0001f4c2 Watching for Excel/CSV files...
2026-02-19 09:46:34,099 | INFO | \U0001f4c2 Watching for Excel/CSV files...
2026-02-19 09:51:27,235 | INFO | \U0001f4c2 Watching for Excel/CSV files...
2026-02-19 13:32:58,000 | INFO | \U0001f4c4 Detected file: 19.2.26.xls
2026-02-19 13:32:58,146 | INFO | \U0001f4c4 Detected file: 19.2.26.xls
2026-02-19 13:32:58,765 | INFO | \U0001f4c4 Detected file: 19.2.26.xls
2026-02-19 13:33:07,509 | INFO | \u2705 Message generated.
2026-02-19 13:33:07,823 | INFO | \u2705 Message generated.
2026-02-19 13:33:07,840 | INFO | \u2705 Message generated.
2026-02-19 13:33:17,522 | ERROR | \u26a0\ufe0f Could not delete input file: [WinError 2] The system cannot find the file specified: 'C:\\AttendanceAutomation\\Input\\19.2.26.xls'
2026-02-19 13:33:17,829 | ERROR | \u26a0\ufe0f Could not delete input file: [WinError 2] The system cannot find the file specified: 'C:\\AttendanceAutomation\\Input\\19.2.26.xls'
2026-02-19 13:33:17,841 | ERROR | \u26a0\ufe0f Could not delete input file: [WinError 2] The system cannot find the file specified: 'C:\\AttendanceAutomation\\Input\\19.2.26.xls'
2026-02-19 13:33:40,999 | ERROR | \u274c Script failed: C:\AttendanceAutomation\whatsapp_sender.py | Command '['python', 'C:\\AttendanceAutomation\\whatsapp_sender.py']' returned non-zero exit status 1.
2026-02-19 13:33:41,002 | ERROR | \u26a0\ufe0f WhatsApp send failed.
2026-02-19 13:33:43,003 | INFO | \u267b\ufe0f Reset processed file list (folder empty)
2026-02-19 13:34:19,768 | INFO | \u2705 WhatsApp message sent.
2026-02-19 13:34:19,938 | INFO | \u2705 WhatsApp message sent.
2026-02-19 13:34:21,770 | INFO | \u267b\ufe0f Reset processed file list (folder empty)
2026-02-19 13:34:21,939 | INFO | \u267b\ufe0f Reset processed file list (folder empty)
2026-02-19 18:57:42,697 | INFO | \U0001f4c4 Detected file: 19.2.26.xls
2026-02-19 18:57:42,724 | INFO | \U0001f4c4 Detected file: 19.2.26.xls
2026-02-19 18:57:43,937 | INFO | \U0001f4c4 Detected file: 19.2.26.xls
2026-02-19 18:57:52,322 | INFO | \u2705 Message generated.
2026-02-19 18:57:52,694 | INFO | \u2705 Message generated.
2026-02-19 18:57:52,794 | INFO | \u2705 Message generated.
2026-02-19 18:58:02,327 | ERROR | \u26a0\ufe0f Could not delete input file: [WinError 2] The system cannot find the file specified: 'C:\\AttendanceAutomation\\Input\\19.2.26.xls'
2026-02-19 18:58:02,696 | ERROR | \u26a0\ufe0f Could not delete input file: [WinError 2] The system cannot find the file specified: 'C:\\AttendanceAutomation\\Input\\19.2.26.xls'
2026-02-19 18:58:02,799 | ERROR | \u26a0\ufe0f Could not delete input file: [WinError 2] The system cannot find the file specified: 'C:\\AttendanceAutomation\\Input\\19.2.26.xls'
2026-02-19 18:59:04,114 | INFO | \u2705 WhatsApp message sent.
2026-02-19 18:59:04,243 | INFO | \u2705 WhatsApp message sent.
2026-02-19 18:59:06,115 | INFO | \u267b\ufe0f Reset processed file list (folder empty)
2026-02-19 18:59:06,243 | INFO | \u267b\ufe0f Reset processed file list (folder empty)
2026-02-23 07:35:31,650 | INFO | \U0001f4c2 Watching for Excel/CSV files...
2026-02-23 09:58:29,087 | INFO | \U0001f4c4 Detected file: attendance_combined.xlsx
2026-02-23 09:58:37,628 | INFO | \u2705 Message generated.
2026-02-23 09:58:47,632 | ERROR | \u26a0\ufe0f Could not delete input file: [WinError 2] The system cannot find the file specified: 'C:\\AttendanceAutomation\\Input\\attendance_combined.xlsx'
2026-02-23 09:59:34,458 | ERROR | \u274c Script failed: C:\AttendanceAutomation\whatsapp_sender.py | Command '['python', 'C:\\AttendanceAutomation\\whatsapp_sender.py']' returned non-zero exit status 3221225786.
2026-02-23 09:59:34,458 | ERROR | \u26a0\ufe0f WhatsApp send failed.
2026-02-23 09:59:36,459 | INFO | \u267b\ufe0f Reset processed file list (folder empty)
2026-02-23 16:43:00,541 | INFO | \U0001f4c4 Detected file: 23.2.26.xls
2026-02-23 16:43:07,549 | INFO | \u2705 Message generated.
2026-02-23 16:43:17,550 | ERROR | \u26a0\ufe0f Could not delete input file: [WinError 2] The system cannot find the file specified: 'C:\\AttendanceAutomation\\Input\\23.2.26.xls'
2026-02-23 16:44:18,771 | INFO | \u2705 WhatsApp message sent.
2026-02-23 16:44:20,772 | INFO | \u267b\ufe0f Reset processed file list (folder empty)
2026-02-24 14:30:24,954 | INFO | \U0001f4c4 Detected file: 24.2.26.xls
2026-02-24 14:30:34,984 | INFO | \u2705 Message generated.
2026-02-24 14:30:44,985 | ERROR | \u26a0\ufe0f Could not delete input file: [WinError 2] The system cannot find the file specified: 'C:\\AttendanceAutomation\\Input\\24.2.26.xls'
2026-02-24 14:31:47,368 | INFO | \u2705 WhatsApp message sent.
2026-02-24 14:31:49,369 | INFO | \u267b\ufe0f Reset processed file list (folder empty)
2026-02-24 17:24:13,033 | INFO | \U0001f4c4 Detected file: 24.02.26.xls
2026-02-24 17:24:20,602 | INFO | \u2705 Message generated.
2026-02-24 17:24:30,604 | ERROR | \u26a0\ufe0f Could not delete input file: [WinError 2] The system cannot find the file specified: 'C:\\AttendanceAutomation\\Input\\24.02.26.xls'
2026-02-24 17:25:32,844 | INFO | \u2705 WhatsApp message sent.
2026-02-24 17:25:34,845 | INFO | \u267b\ufe0f Reset processed file list (folder empty)
2026-02-24 17:57:18,870 | INFO | \U0001f4c2 Watching for Excel/CSV files...
2026-02-25 13:09:38,003 | INFO | \U0001f4c4 Detected file: 25.2.26.xls
2026-02-25 13:09:47,957 | INFO | \u2705 Message generated.
2026-02-25 13:09:57,959 | ERROR | \u26a0\ufe0f Could not delete input file: [WinError 2] The system cannot find the file specified: 'C:\\AttendanceAutomation\\Input\\25.2.26.xls'
2026-02-25 13:11:00,326 | INFO | \u2705 WhatsApp message sent.
2026-02-25 13:11:02,327 | INFO | \u267b\ufe0f Reset processed file list (folder empty)
2026-02-25 17:53:24,590 | INFO | \U0001f4c4 Detected file: 25.02.026.xls
2026-02-25 17:53:32,402 | INFO | \u2705 Message generated.
2026-02-25 17:53:42,403 | ERROR | \u26a0\ufe0f Could not delete input file: [WinError 2] The system cannot find the file specified: 'C:\\AttendanceAutomation\\Input\\25.02.026.xls'
2026-02-25 17:54:44,803 | INFO | \u2705 WhatsApp message sent.
2026-02-25 17:54:46,804 | INFO | \u267b\ufe0f Reset processed file list (folder empty)
2026-02-26 09:36:47,713 | INFO | \U0001f4c4 Detected file: attendance_combined.xlsx
2026-02-26 09:36:57,106 | INFO | \u2705 Message generated.
2026-02-26 09:37:07,108 | ERROR | \u26a0\ufe0f Could not delete input file: [WinError 2] The system cannot find the file specified: 'C:\\AttendanceAutomation\\Input\\attendance_combined.xlsx'
2026-02-26 09:38:08,873 | INFO | \u2705 WhatsApp message sent.
2026-02-26 09:38:10,874 | INFO | \u267b\ufe0f Reset processed file list (folder empty)
2026-02-26 16:05:57,433 | INFO | \U0001f4c4 Detected file: attendance_combined.xlsx
2026-02-26 16:06:06,014 | INFO | \u2705 Message generated.
2026-02-26 16:06:16,014 | ERROR | \u26a0\ufe0f Could not delete input file: [WinError 2] The system cannot find the file specified: 'C:\\AttendanceAutomation\\Input\\attendance_combined.xlsx'
2026-02-26 16:06:39,769 | ERROR | \u274c Script failed: C:\AttendanceAutomation\whatsapp_sender.py | Command '['python', 'C:\\AttendanceAutomation\\whatsapp_sender.py']' returned non-zero exit status 3221225786.
2026-02-26 16:06:39,771 | ERROR | \u26a0\ufe0f WhatsApp send failed.
2026-02-26 16:06:41,773 | INFO | \u267b\ufe0f Reset processed file list (folder empty)
2026-02-26 16:31:12,281 | INFO | \U0001f4c4 Detected file: attendance_combined.xlsx
2026-02-26 16:31:20,144 | INFO | \u2705 Message generated.
2026-02-26 16:31:30,145 | ERROR | \u26a0\ufe0f Could not delete input file: [WinError 2] The system cannot find the file specified: 'C:\\AttendanceAutomation\\Input\\attendance_combined.xlsx'
2026-02-26 16:32:32,462 | INFO | \u2705 WhatsApp message sent.
2026-02-26 16:32:34,463 | INFO | \u267b\ufe0f Reset processed file list (folder empty)
2026-02-27 09:28:16,537 | INFO | \U0001f4c4 Detected file: attendance_combined.xlsx
2026-02-27 09:28:25,033 | INFO | \u2705 Message generated.
2026-02-27 09:28:35,035 | ERROR | \u26a0\ufe0f Could not delete input file: [WinError 2] The system cannot find the file specified: 'C:\\AttendanceAutomation\\Input\\attendance_combined.xlsx'
2026-02-27 09:29:37,335 | INFO | \u2705 WhatsApp message sent.
2026-02-27 09:29:39,337 | INFO | \u267b\ufe0f Reset processed file list (folder empty)
2026-02-27 09:50:01,720 | INFO | \U0001f4c4 Detected file: attendance_combined.xlsx
2026-02-27 09:50:09,001 | INFO | \u2705 Message generated.
2026-02-27 09:50:19,002 | ERROR | \u26a0\ufe0f Could not delete input file: [WinError 2] The system cannot find the file specified: 'C:\\AttendanceAutomation\\Input\\attendance_combined.xlsx'
2026-02-27 09:51:02,107 | ERROR | \u274c Script failed: C:\AttendanceAutomation\whatsapp_sender.py | Command '['python', 'C:\\AttendanceAutomation\\whatsapp_sender.py']' returned non-zero exit status 3221225786.
2026-02-27 09:51:02,108 | ERROR | \u26a0\ufe0f WhatsApp send failed.
2026-02-27 09:51:04,109 | INFO | \u267b\ufe0f Reset processed file list (folder empty)
2026-02-27 12:14:15,373 | INFO | \U0001f4c4 Detected file: attendance_combined.xlsx
2026-02-27 12:14:23,725 | INFO | \u2705 Message generated.
2026-02-27 12:14:33,726 | ERROR | \u26a0\ufe0f Could not delete input file: [WinError 2] The system cannot find the file specified: 'C:\\AttendanceAutomation\\Input\\attendance_combined.xlsx'
2026-02-27 12:15:35,941 | INFO | \u2705 WhatsApp message sent.
2026-02-27 12:15:37,943 | INFO | \u267b\ufe0f Reset processed file list (folder empty)
2026-02-27 13:04:45,024 | INFO | \U0001f4c4 Detected file: attendance_combined.xlsx
2026-02-27 13:04:52,443 | INFO | \u2705 Message generated.
2026-02-27 13:05:02,444 | ERROR | \u26a0\ufe0f Could not delete input file: [WinError 2] The system cannot find the file specified: 'C:\\AttendanceAutomation\\Input\\attendance_combined.xlsx'
2026-02-27 13:06:04,189 | INFO | \u2705 WhatsApp message sent.
2026-02-27 13:06:06,190 | INFO | \u267b\ufe0f Reset processed file list (folder empty)
2026-02-28 10:00:38,323 | INFO | \U0001f4c4 Detected file: attendance_combined.xlsx
2026-02-28 10:00:47,628 | INFO | \u2705 Message generated.
2026-02-28 10:00:57,640 | ERROR | \u26a0\ufe0f Could not delete input file: [WinError 2] The system cannot find the file specified: 'C:\\AttendanceAutomation\\Input\\attendance_combined.xlsx'
2026-02-28 10:02:00,117 | INFO | \u2705 WhatsApp message sent.
2026-02-28 10:02:02,118 | INFO | \u267b\ufe0f Reset processed file list (folder empty)
2026-03-01 13:09:29,046 | INFO | \U0001f4c4 Detected file: attendance_combined.xlsx
2026-03-01 13:09:37,667 | INFO | \u2705 Message generated.
2026-03-01 13:09:47,670 | ERROR | \u26a0\ufe0f Could not delete input file: [WinError 2] The system cannot find the file specified: 'C:\\AttendanceAutomation\\Input\\attendance_combined.xlsx'
2026-03-01 13:10:09,887 | ERROR | \u274c Script failed: C:\AttendanceAutomation\whatsapp_sender.py | Command '['python', 'C:\\AttendanceAutomation\\whatsapp_sender.py']' returned non-zero exit status 3221225786.
2026-03-01 13:10:09,888 | ERROR | \u26a0\ufe0f WhatsApp send failed.
2026-03-01 13:10:11,889 | INFO | \u267b\ufe0f Reset processed file list (folder empty)
2026-03-02 09:37:28,422 | INFO | \U0001f4c2 Watching for Excel/CSV files...
2026-03-02 09:51:32,721 | INFO | \U0001f4c4 Detected file: attendance_combined.xlsx
2026-03-02 09:51:41,006 | INFO | \u2705 Message generated.
2026-03-02 09:51:51,007 | ERROR | \u26a0\ufe0f Could not delete input file: [WinError 2] The system cannot find the file specified: 'C:\\AttendanceAutomation\\Input\\attendance_combined.xlsx'
2026-03-02 09:52:13,986 | ERROR | \u274c Script failed: C:\AttendanceAutomation\whatsapp_sender.py | Command '['python', 'C:\\AttendanceAutomation\\whatsapp_sender.py']' returned non-zero exit status 3221225786.
2026-03-02 09:52:13,986 | ERROR | \u26a0\ufe0f WhatsApp send failed.
2026-03-02 09:52:15,986 | INFO | \u267b\ufe0f Reset processed file list (folder empty)
2026-03-02 10:23:18,655 | INFO | \U0001f4c4 Detected file: attendance_combined.xlsx
2026-03-02 10:23:25,587 | INFO | \u2705 Message generated.
2026-03-02 10:23:35,588 | ERROR | \u26a0\ufe0f Could not delete input file: [WinError 2] The system cannot find the file specified: 'C:\\AttendanceAutomation\\Input\\attendance_combined.xlsx'
2026-03-02 10:24:37,670 | INFO | \u2705 WhatsApp message sent.
2026-03-02 10:24:39,671 | INFO | \u267b\ufe0f Reset processed file list (folder empty)
2026-03-02 10:31:47,854 | INFO | \U0001f4c4 Detected file: attendance_combined.xlsx
2026-03-02 10:31:54,735 | INFO | \u2705 Message generated.
2026-03-02 10:32:04,736 | ERROR | \u26a0\ufe0f Could not delete input file: [WinError 2] The system cannot find the file specified: 'C:\\AttendanceAutomation\\Input\\attendance_combined.xlsx'
2026-03-02 10:32:28,566 | ERROR | \u274c Script failed: C:\AttendanceAutomation\whatsapp_sender.py | Command '['python', 'C:\\AttendanceAutomation\\whatsapp_sender.py']' returned non-zero exit status 1.
2026-03-02 10:32:28,566 | ERROR | \u26a0\ufe0f WhatsApp send failed.
2026-03-02 10:32:30,568 | INFO | \u267b\ufe0f Reset processed file list (folder empty)
2026-03-02 11:26:57,684 | INFO | \U0001f4c4 Detected file: attendance_combined.xlsx
2026-03-02 11:27:04,627 | INFO | \u2705 Message generated.
2026-03-02 11:27:14,628 | ERROR | \u26a0\ufe0f Could not delete input file: [WinError 2] The system cannot find the file specified: 'C:\\AttendanceAutomation\\Input\\attendance_combined.xlsx'
2026-03-02 11:28:15,894 | INFO | \u2705 WhatsApp message sent.
2026-03-02 11:28:17,894 | INFO | \u267b\ufe0f Reset processed file list (folder empty)
2026-03-02 13:48:24,670 | INFO | \U0001f4c4 Detected file: attendance_combined.xlsx
2026-03-02 13:48:33,171 | INFO | \u2705 Message generated.
2026-03-02 13:48:43,172 | ERROR | \u26a0\ufe0f Could not delete input file: [WinError 2] The system cannot find the file specified: 'C:\\AttendanceAutomation\\Input\\attendance_combined.xlsx'
2026-03-02 13:49:45,206 | INFO | \u2705 WhatsApp message sent.
2026-03-02 13:49:47,207 | INFO | \u267b\ufe0f Reset processed file list (folder empty)
2026-03-03 11:27:18,233 | INFO | \U0001f4c4 Detected file: attendance_combined.xlsx
2026-03-03 11:27:26,514 | INFO | \u2705 Message generated.
2026-03-03 11:27:36,516 | ERROR | \u26a0\ufe0f Could not delete input file: [WinError 2] The system cannot find the file specified: 'C:\\AttendanceAutomation\\Input\\attendance_combined.xlsx'
2026-03-03 11:28:09,229 | ERROR | \u274c Script failed: C:\AttendanceAutomation\whatsapp_sender.py | Command '['python', 'C:\\AttendanceAutomation\\whatsapp_sender.py']' returned non-zero exit status 3221225786.
2026-03-03 11:28:09,231 | ERROR | \u26a0\ufe0f WhatsApp send failed.
2026-03-03 11:28:11,232 | INFO | \u267b\ufe0f Reset processed file list (folder empty)
2026-03-03 12:29:54,431 | INFO | \U0001f4c4 Detected file: attendance_combined.xlsx
2026-03-03 12:30:03,241 | INFO | \u2705 Message generated.
2026-03-03 12:30:13,246 | ERROR | \u26a0\ufe0f Could not delete input file: [WinError 2] The system cannot find the file specified: 'C:\\AttendanceAutomation\\Input\\attendance_combined.xlsx'
2026-03-03 12:31:15,290 | INFO | \u2705 WhatsApp message sent.
2026-03-03 12:31:17,292 | INFO | \u267b\ufe0f Reset processed file list (folder empty)
2026-03-03 14:36:51,934 | INFO | \U0001f4c4 Detected file: attendance_combined.xlsx
2026-03-03 14:36:59,297 | INFO | \u2705 Message generated.
2026-03-03 14:37:09,298 | ERROR | \u26a0\ufe0f Could not delete input file: [WinError 2] The system cannot find the file specified: 'C:\\AttendanceAutomation\\Input\\attendance_combined.xlsx'
2026-03-03 14:38:11,465 | INFO | \u2705 WhatsApp message sent.
2026-03-03 14:38:13,466 | INFO | \u267b\ufe0f Reset processed file list (folder empty)
2026-03-03 15:20:40,342 | INFO | \U0001f4c4 Detected file: attendance_combined.xlsx
2026-03-03 15:20:49,544 | INFO | \u2705 Message generated.
2026-03-03 15:20:59,545 | ERROR | \u26a0\ufe0f Could not delete input file: [WinError 2] The system cannot find the file specified: 'C:\\AttendanceAutomation\\Input\\attendance_combined.xlsx'
2026-03-03 15:22:00,808 | INFO | \u2705 WhatsApp message sent.
2026-03-03 15:22:02,809 | INFO | \u267b\ufe0f Reset processed file list (folder empty)
2026-03-03 15:30:59,002 | INFO | \U0001f4c4 Detected file: attendance_combined.xlsx
2026-03-03 15:31:06,049 | INFO | \u2705 Message generated.
2026-03-03 15:31:16,050 | ERROR | \u26a0\ufe0f Could not delete input file: [WinError 2] The system cannot find the file specified: 'C:\\AttendanceAutomation\\Input\\attendance_combined.xlsx'
2026-03-03 15:32:16,859 | INFO | \u2705 WhatsApp message sent.
2026-03-03 15:32:18,861 | INFO | \u267b\ufe0f Reset processed file list (folder empty)
2026-03-04 09:55:53,358 | INFO | \U0001f4c4 Detected file: attendance_combined.xlsx
2026-03-04 09:56:02,313 | INFO | \u2705 Message generated.
2026-03-04 09:56:12,319 | ERROR | \u26a0\ufe0f Could not delete input file: [WinError 2] The system cannot find the file specified: 'C:\\AttendanceAutomation\\Input\\attendance_combined.xlsx'
2026-03-04 09:57:14,757 | INFO | \u2705 WhatsApp message sent.
2026-03-04 09:57:16,758 | INFO | \u267b\ufe0f Reset processed file list (folder empty)
2026-03-04 12:30:20,277 | INFO | \U0001f4c4 Detected file: attendance_combined.xlsx
2026-03-04 12:30:28,305 | INFO | \u2705 Message generated.
2026-03-04 12:30:38,311 | ERROR | \u26a0\ufe0f Could not delete input file: [WinError 2] The system cannot find the file specified: 'C:\\AttendanceAutomation\\Input\\attendance_combined.xlsx'
2026-03-04 12:31:40,000 | INFO | \u2705 WhatsApp message sent.
2026-03-04 12:31:42,001 | INFO | \u267b\ufe0f Reset processed file list (folder empty)
2026-03-04 13:37:27,255 | INFO | \U0001f4c4 Detected file: attendance_combined.xlsx
2026-03-04 13:37:35,612 | INFO | \u2705 Message generated.
2026-03-04 13:37:45,614 | ERROR | \u26a0\ufe0f Could not delete input file: [WinError 2] The system cannot find the file specified: 'C:\\AttendanceAutomation\\Input\\attendance_combined.xlsx'
2026-03-04 13:38:13,400 | ERROR | \u274c Script failed: C:\AttendanceAutomation\whatsapp_sender.py | Command '['python', 'C:\\AttendanceAutomation\\whatsapp_sender.py']' returned non-zero exit status 3221225786.
2026-03-04 13:38:13,400 | ERROR | \u26a0\ufe0f WhatsApp send failed.
2026-03-04 13:38:15,401 | INFO | \u267b\ufe0f Reset processed file list (folder empty)
2026-03-05 09:50:39,684 | INFO | \U0001f4c4 Detected file: attendance_combined.xlsx
2026-03-05 09:50:49,651 | INFO | \u2705 Message generated.
2026-03-05 09:50:59,653 | ERROR | \u26a0\ufe0f Could not delete input file: [WinError 2] The system cannot find the file specified: 'C:\\AttendanceAutomation\\Input\\attendance_combined.xlsx'
2026-03-05 09:52:02,414 | INFO | \u2705 WhatsApp message sent.
2026-03-05 09:52:04,415 | INFO | \u267b\ufe0f Reset processed file list (folder empty)
2026-03-05 10:45:51,704 | INFO | \U0001f4c4 Detected file: attendance_combined.xlsx
2026-03-05 10:46:00,773 | INFO | \u2705 Message generated.
2026-03-05 10:46:10,774 | ERROR | \u26a0\ufe0f Could not delete input file: [WinError 2] The system cannot find the file specified: 'C:\\AttendanceAutomation\\Input\\attendance_combined.xlsx'
2026-03-05 10:47:12,485 | INFO | \u2705 WhatsApp message sent.
2026-03-05 10:47:14,486 | INFO | \u267b\ufe0f Reset processed file list (folder empty)
2026-03-05 12:47:07,105 | INFO | \U0001f4c4 Detected file: attendance_combined.xlsx
2026-03-05 12:47:14,584 | INFO | \u2705 Message generated.
2026-03-05 12:47:24,585 | ERROR | \u26a0\ufe0f Could not delete input file: [WinError 2] The system cannot find the file specified: 'C:\\AttendanceAutomation\\Input\\attendance_combined.xlsx'
2026-03-05 12:48:27,268 | INFO | \u2705 WhatsApp message sent.
2026-03-05 12:48:29,270 | INFO | \u267b\ufe0f Reset processed file list (folder empty)
2026-03-05 13:52:50,499 | INFO | \U0001f4c4 Detected file: attendance_combined.xlsx
2026-03-05 13:52:58,007 | INFO | \u2705 Message generated.
2026-03-05 13:53:08,008 | ERROR | \u26a0\ufe0f Could not delete input file: [WinError 2] The system cannot find the file specified: 'C:\\AttendanceAutomation\\Input\\attendance_combined.xlsx'
2026-03-05 13:53:34,183 | ERROR | \u274c Script failed: C:\AttendanceAutomation\whatsapp_sender.py | Command '['python', 'C:\\AttendanceAutomation\\whatsapp_sender.py']' returned non-zero exit status 3221225786.
2026-03-05 13:53:34,184 | ERROR | \u26a0\ufe0f WhatsApp send failed.
2026-03-05 13:53:36,187 | INFO | \u267b\ufe0f Reset processed file list (folder empty)
2026-03-05 14:15:58,647 | INFO | \U0001f4c4 Detected file: attendance_combined.xlsx
2026-03-05 14:16:06,062 | INFO | \u2705 Message generated.
2026-03-05 14:16:16,063 | ERROR | \u26a0\ufe0f Could not delete input file: [WinError 2] The system cannot find the file specified: 'C:\\AttendanceAutomation\\Input\\attendance_combined.xlsx'
2026-03-05 14:16:54,201 | ERROR | \u274c Script failed: C:\AttendanceAutomation\whatsapp_sender.py | Command '['python', 'C:\\AttendanceAutomation\\whatsapp_sender.py']' returned non-zero exit status 3221225786.
2026-03-05 14:16:54,201 | ERROR | \u26a0\ufe0f WhatsApp send failed.
2026-03-05 14:16:56,202 | INFO | \u267b\ufe0f Reset processed file list (folder empty)
2026-03-06 09:56:45,564 | INFO | \U0001f4c4 Detected file: attendance_combined.xlsx
2026-03-06 09:56:54,122 | INFO | \u2705 Message generated.
2026-03-06 09:57:04,125 | ERROR | \u26a0\ufe0f Could not delete input file: [WinError 2] The system cannot find the file specified: 'C:\\AttendanceAutomation\\Input\\attendance_combined.xlsx'
2026-03-06 09:58:06,080 | INFO | \u2705 WhatsApp message sent.
2026-03-06 09:58:08,081 | INFO | \u267b\ufe0f Reset processed file list (folder empty)
2026-03-06 10:08:04,273 | INFO | \U0001f4c4 Detected file: attendance_combined.xlsx
2026-03-06 10:08:11,867 | INFO | \u2705 Message generated.
2026-03-06 10:08:21,868 | ERROR | \u26a0\ufe0f Could not delete input file: [WinError 2] The system cannot find the file specified: 'C:\\AttendanceAutomation\\Input\\attendance_combined.xlsx'
2026-03-06 10:09:24,160 | INFO | \u2705 WhatsApp message sent.
2026-03-06 10:09:26,162 | INFO | \u267b\ufe0f Reset processed file list (folder empty)
2026-03-06 12:10:50,770 | INFO | \U0001f4c4 Detected file: attendance_combined.xlsx
2026-03-06 12:10:58,230 | INFO | \u2705 Message generated.
2026-03-06 12:11:08,239 | ERROR | \u26a0\ufe0f Could not delete input file: [WinError 2] The system cannot find the file specified: 'C:\\AttendanceAutomation\\Input\\attendance_combined.xlsx'
2026-03-06 12:12:09,914 | INFO | \u2705 WhatsApp message sent.
2026-03-06 12:12:11,916 | INFO | \u267b\ufe0f Reset processed file list (folder empty)
2026-03-06 12:54:00,861 | INFO | \U0001f4c4 Detected file: attendance_combined.xlsx
2026-03-06 12:54:08,274 | INFO | \u2705 Message generated.
2026-03-06 12:54:18,275 | ERROR | \u26a0\ufe0f Could not delete input file: [WinError 2] The system cannot find the file specified: 'C:\\AttendanceAutomation\\Input\\attendance_combined.xlsx'
2026-03-06 12:54:44,992 | ERROR | \u274c Script failed: C:\AttendanceAutomation\whatsapp_sender.py | Command '['python', 'C:\\AttendanceAutomation\\whatsapp_sender.py']' returned non-zero exit status 1.
2026-03-06 12:54:44,993 | ERROR | \u26a0\ufe0f WhatsApp send failed.
2026-03-06 12:54:46,994 | INFO | \u267b\ufe0f Reset processed file list (folder empty)
2026-03-06 14:33:11,028 | INFO | \U0001f4c4 Detected file: attendance_combined.xlsx
2026-03-06 14:33:18,929 | INFO | \u2705 Message generated.
2026-03-06 14:33:28,934 | ERROR | \u26a0\ufe0f Could not delete input file: [WinError 2] The system cannot find the file specified: 'C:\\AttendanceAutomation\\Input\\attendance_combined.xlsx'
2026-03-06 14:34:31,502 | INFO | \u2705 WhatsApp message sent.
2026-03-06 14:34:33,503 | INFO | \u267b\ufe0f Reset processed file list (folder empty)
2026-03-06 15:58:13,279 | INFO | \U0001f4c4 Detected file: attendance_combined.xlsx
2026-03-06 15:58:21,025 | INFO | \u2705 Message generated.
2026-03-06 15:58:31,026 | ERROR | \u26a0\ufe0f Could not delete input file: [WinError 2] The system cannot find the file specified: 'C:\\AttendanceAutomation\\Input\\attendance_combined.xlsx'
2026-03-06 15:59:32,609 | INFO | \u2705 WhatsApp message sent.
2026-03-06 15:59:34,610 | INFO | \u267b\ufe0f Reset processed file list (folder empty)
2026-03-07 09:53:26,021 | INFO | \U0001f4c4 Detected file: attendance_combined.xlsx
2026-03-07 09:53:34,785 | INFO | \u2705 Message generated.
2026-03-07 09:53:44,787 | ERROR | \u26a0\ufe0f Could not delete input file: [WinError 2] The system cannot find the file specified: 'C:\\AttendanceAutomation\\Input\\attendance_combined.xlsx'
2026-03-07 09:54:47,245 | INFO | \u2705 WhatsApp message sent.
2026-03-07 09:54:49,246 | INFO | \u267b\ufe0f Reset processed file list (folder empty)
2026-03-07 09:57:09,322 | INFO | \U0001f4c4 Detected file: attendance_combined.xlsx
2026-03-07 09:57:17,484 | INFO | \u2705 Message generated.
2026-03-07 09:57:27,486 | ERROR | \u26a0\ufe0f Could not delete input file: [WinError 2] The system cannot find the file specified: 'C:\\AttendanceAutomation\\Input\\attendance_combined.xlsx'
2026-03-07 09:58:28,856 | INFO | \u2705 WhatsApp message sent.
2026-03-07 09:58:30,857 | INFO | \u267b\ufe0f Reset processed file list (folder empty)
2026-03-07 11:00:13,961 | INFO | \U0001f4c4 Detected file: attendance_combined.xlsx
2026-03-07 11:00:21,789 | INFO | \u2705 Message generated.
2026-03-07 11:00:31,791 | ERROR | \u26a0\ufe0f Could not delete input file: [WinError 2] The system cannot find the file specified: 'C:\\AttendanceAutomation\\Input\\attendance_combined.xlsx'
2026-03-07 11:00:53,557 | ERROR | \u274c Script failed: C:\AttendanceAutomation\whatsapp_sender.py | Command '['python', 'C:\\AttendanceAutomation\\whatsapp_sender.py']' returned non-zero exit status 3221225786.
2026-03-07 11:00:53,559 | ERROR | \u26a0\ufe0f WhatsApp send failed.
2026-03-07 11:00:55,560 | INFO | \u267b\ufe0f Reset processed file list (folder empty)
2026-03-07 12:56:05,790 | INFO | \U0001f4c4 Detected file: attendance_combined.xlsx
2026-03-07 12:56:13,378 | INFO | \u2705 Message generated.
2026-03-07 12:56:23,380 | ERROR | \u26a0\ufe0f Could not delete input file: [WinError 2] The system cannot find the file specified: 'C:\\AttendanceAutomation\\Input\\attendance_combined.xlsx'
2026-03-07 12:57:30,117 | INFO | \u2705 WhatsApp message sent.
2026-03-07 12:57:32,118 | INFO | \u267b\ufe0f Reset processed file list (folder empty)
2026-03-09 08:17:58,929 | INFO | \U0001f4c2 Watching for Excel/CSV files...
2026-03-09 09:45:48,714 | INFO | \U0001f4c4 Detected file: attendance_combined.xlsx
2026-03-09 09:45:57,023 | INFO | \u2705 Message generated.
2026-03-09 09:46:07,024 | ERROR | \u26a0\ufe0f Could not delete input file: [WinError 2] The system cannot find the file specified: 'C:\\AttendanceAutomation\\Input\\attendance_combined.xlsx'
2026-03-09 09:47:08,537 | INFO | \u2705 WhatsApp message sent.
2026-03-09 09:47:10,538 | INFO | \u267b\ufe0f Reset processed file list (folder empty)
2026-03-09 10:10:15,007 | INFO | \U0001f4c4 Detected file: attendance_combined.xlsx
2026-03-09 10:10:22,573 | INFO | \u2705 Message generated.
2026-03-09 10:10:32,574 | ERROR | \u26a0\ufe0f Could not delete input file: [WinError 2] The system cannot find the file specified: 'C:\\AttendanceAutomation\\Input\\attendance_combined.xlsx'
2026-03-09 10:11:34,206 | INFO | \u2705 WhatsApp message sent.
2026-03-09 10:11:36,208 | INFO | \u267b\ufe0f Reset processed file list (folder empty)
2026-03-09 10:15:26,309 | INFO | \U0001f4c4 Detected file: attendance_combined.xlsx
2026-03-09 10:15:33,336 | INFO | \u2705 Message generated.
2026-03-09 10:15:43,340 | ERROR | \u26a0\ufe0f Could not delete input file: [WinError 2] The system cannot find the file specified: 'C:\\AttendanceAutomation\\Input\\attendance_combined.xlsx'
2026-03-09 10:16:44,620 | INFO | \u2705 WhatsApp message sent.
2026-03-09 10:16:46,621 | INFO | \u267b\ufe0f Reset processed file list (folder empty)
2026-03-09 11:40:20,474 | INFO | \U0001f4c4 Detected file: attendance_combined.xlsx
2026-03-09 11:40:29,400 | INFO | \u2705 Message generated.
2026-03-09 11:40:39,401 | ERROR | \u26a0\ufe0f Could not delete input file: [WinError 2] The system cannot find the file specified: 'C:\\AttendanceAutomation\\Input\\attendance_combined.xlsx'
2026-03-09 11:41:40,865 | INFO | \u2705 WhatsApp message sent.
2026-03-09 11:41:42,866 | INFO | \u267b\ufe0f Reset processed file list (folder empty)
2026-03-09 11:52:53,221 | INFO | \U0001f4c4 Detected file: attendance_combined.xlsx
2026-03-09 11:53:01,677 | INFO | \u2705 Message generated.
2026-03-09 11:53:11,678 | ERROR | \u26a0\ufe0f Could not delete input file: [WinError 2] The system cannot find the file specified: 'C:\\AttendanceAutomation\\Input\\attendance_combined.xlsx'
2026-03-09 11:54:13,690 | INFO | \u2705 WhatsApp message sent.
2026-03-09 11:54:15,692 | INFO | \u267b\ufe0f Reset processed file list (folder empty)
2026-03-10 09:56:42,661 | INFO | \U0001f4c4 Detected file: attendance_combined.xlsx
2026-03-10 09:56:52,104 | INFO | \u2705 Message generated.
2026-03-10 09:57:02,108 | ERROR | \u26a0\ufe0f Could not delete input file: [WinError 2] The system cannot find the file specified: 'C:\\AttendanceAutomation\\Input\\attendance_combined.xlsx'
2026-03-10 09:57:26,555 | ERROR | \u274c Script failed: C:\AttendanceAutomation\whatsapp_sender.py | Command '['python', 'C:\\AttendanceAutomation\\whatsapp_sender.py']' returned non-zero exit status 3221225786.
2026-03-10 09:57:26,556 | ERROR | \u26a0\ufe0f WhatsApp send failed.
2026-03-10 09:57:28,557 | INFO | \u267b\ufe0f Reset processed file list (folder empty)
2026-03-10 10:11:54,879 | INFO | \U0001f4c4 Detected file: attendance_combined.xlsx
2026-03-10 10:12:03,073 | INFO | \u2705 Message generated.
2026-03-10 10:12:13,075 | ERROR | \u26a0\ufe0f Could not delete input file: [WinError 2] The system cannot find the file specified: 'C:\\AttendanceAutomation\\Input\\attendance_combined.xlsx'
2026-03-10 10:12:36,937 | ERROR | \u274c Script failed: C:\AttendanceAutomation\whatsapp_sender.py | Command '['python', 'C:\\AttendanceAutomation\\whatsapp_sender.py']' returned non-zero exit status 3221225786.
2026-03-10 10:12:36,937 | ERROR | \u26a0\ufe0f WhatsApp send failed.
2026-03-10 10:12:38,938 | INFO | \u267b\ufe0f Reset processed file list (folder empty)
2026-03-10 10:23:41,233 | INFO | \U0001f4c4 Detected file: attendance_combined.xlsx
2026-03-10 10:23:50,629 | INFO | \u2705 Message generated.
2026-03-10 10:24:00,630 | ERROR | \u26a0\ufe0f Could not delete input file: [WinError 2] The system cannot find the file specified: 'C:\\AttendanceAutomation\\Input\\attendance_combined.xlsx'
2026-03-10 10:24:58,179 | ERROR | \u274c Script failed: C:\AttendanceAutomation\whatsapp_sender.py | Command '['python', 'C:\\AttendanceAutomation\\whatsapp_sender.py']' returned non-zero exit status 3221225786.
2026-03-10 10:24:58,180 | ERROR | \u26a0\ufe0f WhatsApp send failed.
2026-03-10 10:25:00,180 | INFO | \u267b\ufe0f Reset processed file list (folder empty)
2026-03-10 10:48:34,768 | INFO | \U0001f4c4 Detected file: attendance_combined.xlsx
2026-03-10 10:48:42,388 | INFO | \u2705 Message generated.
2026-03-10 10:48:52,389 | ERROR | \u26a0\ufe0f Could not delete input file: [WinError 2] The system cannot find the file specified: 'C:\\AttendanceAutomation\\Input\\attendance_combined.xlsx'
2026-03-10 10:49:53,389 | INFO | \u2705 WhatsApp message sent.
2026-03-10 10:49:55,390 | INFO | \u267b\ufe0f Reset processed file list (folder empty)
2026-03-10 10:54:17,481 | INFO | \U0001f4c4 Detected file: attendance_combined.xlsx
2026-03-10 10:54:24,917 | INFO | \u2705 Message generated.
2026-03-10 10:54:34,922 | ERROR | \u26a0\ufe0f Could not delete input file: [WinError 2] The system cannot find the file specified: 'C:\\AttendanceAutomation\\Input\\attendance_combined.xlsx'
2026-03-10 10:54:58,598 | ERROR | \u274c Script failed: C:\AttendanceAutomation\whatsapp_sender.py | Command '['python', 'C:\\AttendanceAutomation\\whatsapp_sender.py']' returned non-zero exit status 3221225786.
2026-03-10 10:54:58,599 | ERROR | \u26a0\ufe0f WhatsApp send failed.
2026-03-10 10:55:00,599 | INFO | \u267b\ufe0f Reset processed file list (folder empty)
2026-03-11 10:28:03,105 | INFO | \U0001f4c4 Detected file: attendance_combined.xlsx
2026-03-11 10:28:11,714 | INFO | \u2705 Message generated.
2026-03-11 10:28:21,717 | ERROR | \u26a0\ufe0f Could not delete input file: [WinError 2] The system cannot find the file specified: 'C:\\AttendanceAutomation\\Input\\attendance_combined.xlsx'
2026-03-11 10:29:25,021 | INFO | \u2705 WhatsApp message sent.
2026-03-11 10:29:27,022 | INFO | \u267b\ufe0f Reset processed file list (folder empty)
2026-03-11 11:51:04,808 | INFO | \U0001f4c4 Detected file: attendance_combined.xlsx
2026-03-11 11:51:12,075 | INFO | \u2705 Message generated.
2026-03-11 11:51:22,076 | ERROR | \u26a0\ufe0f Could not delete input file: [WinError 2] The system cannot find the file specified: 'C:\\AttendanceAutomation\\Input\\attendance_combined.xlsx'
2026-03-11 11:52:04,476 | ERROR | \u274c Script failed: C:\AttendanceAutomation\whatsapp_sender.py | Command '['python', 'C:\\AttendanceAutomation\\whatsapp_sender.py']' returned non-zero exit status 1.
2026-03-11 11:52:04,477 | ERROR | \u26a0\ufe0f WhatsApp send failed.
2026-03-11 11:52:06,478 | INFO | \u267b\ufe0f Reset processed file list (folder empty)
2026-03-11 14:49:59,552 | INFO | \U0001f4c2 Watching for Excel/CSV files...
2026-03-11 15:26:24,306 | INFO | \U0001f4c4 Detected file: attendance_combined.xlsx
2026-03-11 15:26:33,266 | INFO | \u2705 Message generated.
2026-03-11 15:26:43,267 | ERROR | \u26a0\ufe0f Could not delete input file: [WinError 2] The system cannot find the file specified: 'C:\\AttendanceAutomation\\Input\\attendance_combined.xlsx'
2026-03-11 15:27:06,927 | ERROR | \u274c Script failed: C:\AttendanceAutomation\whatsapp_sender.py | Command '['python', 'C:\\AttendanceAutomation\\whatsapp_sender.py']' returned non-zero exit status 3221225786.
2026-03-11 15:27:06,928 | ERROR | \u26a0\ufe0f WhatsApp send failed.
2026-03-11 15:27:08,930 | INFO | \u267b\ufe0f Reset processed file list (folder empty)
2026-03-11 15:31:01,016 | INFO | \U0001f4c4 Detected file: attendance_combined.xlsx
2026-03-11 15:31:07,907 | INFO | \u2705 Message generated.
2026-03-11 15:31:17,908 | ERROR | \u26a0\ufe0f Could not delete input file: [WinError 2] The system cannot find the file specified: 'C:\\AttendanceAutomation\\Input\\attendance_combined.xlsx'
2026-03-11 15:31:51,003 | ERROR | \u274c Script failed: C:\AttendanceAutomation\whatsapp_sender.py | Command '['python', 'C:\\AttendanceAutomation\\whatsapp_sender.py']' returned non-zero exit status 3221225786.
2026-03-11 15:31:51,004 | ERROR | \u26a0\ufe0f WhatsApp send failed.
2026-03-11 15:31:53,004 | INFO | \u267b\ufe0f Reset processed file list (folder empty)
2026-03-11 15:54:33,547 | INFO | \U0001f4c4 Detected file: attendance_combined.xlsx
2026-03-11 15:54:40,844 | INFO | \u2705 Message generated.
2026-03-11 15:54:50,845 | ERROR | \u26a0\ufe0f Could not delete input file: [WinError 2] The system cannot find the file specified: 'C:\\AttendanceAutomation\\Input\\attendance_combined.xlsx'
2026-03-11 15:55:53,522 | INFO | \u2705 WhatsApp message sent.
2026-03-11 15:55:55,523 | INFO | \u267b\ufe0f Reset processed file list (folder empty)
2026-03-12 09:52:48,683 | INFO | \U0001f4c4 Detected file: attendance_combined.xlsx
2026-03-12 09:52:57,138 | INFO | \u2705 Message generated.
2026-03-12 09:53:07,140 | ERROR | \u26a0\ufe0f Could not delete input file: [WinError 2] The system cannot find the file specified: 'C:\\AttendanceAutomation\\Input\\attendance_combined.xlsx'
2026-03-12 09:54:09,452 | INFO | \u2705 WhatsApp message sent.
2026-03-12 09:54:11,453 | INFO | \u267b\ufe0f Reset processed file list (folder empty)
2026-03-12 12:04:46,333 | INFO | \U0001f4c4 Detected file: attendance_combined.xlsx
2026-03-12 12:04:55,417 | INFO | \u2705 Message generated.
2026-03-12 12:05:05,423 | ERROR | \u26a0\ufe0f Could not delete input file: [WinError 2] The system cannot find the file specified: 'C:\\AttendanceAutomation\\Input\\attendance_combined.xlsx'
2026-03-12 12:06:08,292 | INFO | \u2705 WhatsApp message sent.
2026-03-12 12:06:12,336 | INFO | \U0001f4c4 Detected file: attendance_combined.xlsx
2026-03-12 12:06:20,489 | INFO | \u2705 Message generated.
2026-03-12 12:06:30,490 | ERROR | \u26a0\ufe0f Could not delete input file: [WinError 2] The system cannot find the file specified: 'C:\\AttendanceAutomation\\Input\\attendance_combined.xlsx'
2026-03-12 12:07:32,292 | INFO | \u2705 WhatsApp message sent.
2026-03-12 12:07:34,298 | INFO | \u267b\ufe0f Reset processed file list (folder empty)
2026-03-12 12:58:33,495 | INFO | \U0001f4c4 Detected file: attendance_combined.xlsx
2026-03-12 12:58:40,740 | INFO | \u2705 Message generated.
2026-03-12 12:58:50,741 | ERROR | \u26a0\ufe0f Could not delete input file: [WinError 2] The system cannot find the file specified: 'C:\\AttendanceAutomation\\Input\\attendance_combined.xlsx'
2026-03-12 12:59:53,466 | INFO | \u2705 WhatsApp message sent.
2026-03-12 12:59:55,467 | INFO | \u267b\ufe0f Reset processed file list (folder empty)
2026-03-12 13:39:40,342 | INFO | \U0001f4c4 Detected file: attendance_combined.xlsx
2026-03-12 13:39:48,510 | INFO | \u2705 Message generated.
2026-03-12 13:39:58,511 | ERROR | \u26a0\ufe0f Could not delete input file: [WinError 2] The system cannot find the file specified: 'C:\\AttendanceAutomation\\Input\\attendance_combined.xlsx'
2026-03-12 13:41:00,216 | INFO | \u2705 WhatsApp message sent.
2026-03-12 13:41:02,217 | INFO | \u267b\ufe0f Reset processed file list (folder empty)
2026-03-12 14:27:11,269 | INFO | \U0001f4c4 Detected file: attendance_combined.xlsx
2026-03-12 14:27:19,592 | INFO | \u2705 Message generated.
2026-03-12 14:27:29,594 | ERROR | \u26a0\ufe0f Could not delete input file: [WinError 2] The system cannot find the file specified: 'C:\\AttendanceAutomation\\Input\\attendance_combined.xlsx'
2026-03-12 14:28:32,784 | INFO | \u2705 WhatsApp message sent.
2026-03-12 14:28:34,785 | INFO | \u267b\ufe0f Reset processed file list (folder empty)
2026-03-13 09:32:04,180 | INFO | \U0001f4c2 Watching for Excel/CSV files...
2026-03-13 10:42:21,623 | INFO | \U0001f4c4 Detected file: attendance_combined.xlsx
2026-03-13 10:42:29,885 | INFO | \u2705 Message generated.
2026-03-13 10:42:39,886 | ERROR | \u26a0\ufe0f Could not delete input file: [WinError 2] The system cannot find the file specified: 'C:\\AttendanceAutomation\\Input\\attendance_combined.xlsx'
2026-03-13 10:43:41,115 | INFO | \u2705 WhatsApp message sent.
2026-03-13 10:43:43,116 | INFO | \u267b\ufe0f Reset processed file list (folder empty)
2026-03-13 11:14:05,755 | INFO | \U0001f4c4 Detected file: attendance_combined.xlsx
2026-03-13 11:14:13,816 | INFO | \u2705 Message generated.
2026-03-13 11:14:23,822 | ERROR | \u26a0\ufe0f Could not delete input file: [WinError 2] The system cannot find the file specified: 'C:\\AttendanceAutomation\\Input\\attendance_combined.xlsx'
2026-03-13 11:14:49,517 | ERROR | \u274c Script failed: C:\AttendanceAutomation\whatsapp_sender.py | Command '['python', 'C:\\AttendanceAutomation\\whatsapp_sender.py']' returned non-zero exit status 3221225786.
2026-03-13 11:14:49,517 | ERROR | \u26a0\ufe0f WhatsApp send failed.
2026-03-13 11:14:51,518 | INFO | \u267b\ufe0f Reset processed file list (folder empty)
2026-03-13 11:44:34,119 | INFO | \U0001f4c4 Detected file: attendance_combined.xlsx
2026-03-13 11:44:42,226 | INFO | \u2705 Message generated.
2026-03-13 11:44:52,227 | ERROR | \u26a0\ufe0f Could not delete input file: [WinError 2] The system cannot find the file specified: 'C:\\AttendanceAutomation\\Input\\attendance_combined.xlsx'
2026-03-13 11:45:53,941 | INFO | \u2705 WhatsApp message sent.
2026-03-13 11:45:55,942 | INFO | \u267b\ufe0f Reset processed file list (folder empty)
2026-03-13 13:10:51,755 | INFO | \U0001f4c4 Detected file: attendance_combined.xlsx
2026-03-13 13:10:59,096 | INFO | \u2705 Message generated.
2026-03-13 13:11:09,097 | ERROR | \u26a0\ufe0f Could not delete input file: [WinError 2] The system cannot find the file specified: 'C:\\AttendanceAutomation\\Input\\attendance_combined.xlsx'
2026-03-13 13:12:10,506 | INFO | \u2705 WhatsApp message sent.
2026-03-13 13:12:12,507 | INFO | \u267b\ufe0f Reset processed file list (folder empty)
2026-03-13 13:14:10,559 | INFO | \U0001f4c4 Detected file: attendance_combined.xlsx
2026-03-13 13:14:18,201 | INFO | \u2705 Message generated.
2026-03-13 13:14:28,202 | ERROR | \u26a0\ufe0f Could not delete input file: [WinError 2] The system cannot find the file specified: 'C:\\AttendanceAutomation\\Input\\attendance_combined.xlsx'
2026-03-13 13:15:30,001 | INFO | \u2705 WhatsApp message sent.
2026-03-13 13:15:32,002 | INFO | \u267b\ufe0f Reset processed file list (folder empty)
2026-03-13 13:28:32,294 | INFO | \U0001f4c4 Detected file: attendance_combined.xlsx
2026-03-13 13:28:39,205 | INFO | \u2705 Message generated.
2026-03-13 13:28:49,206 | ERROR | \u26a0\ufe0f Could not delete input file: [WinError 2] The system cannot find the file specified: 'C:\\AttendanceAutomation\\Input\\attendance_combined.xlsx'
2026-03-13 13:29:50,783 | INFO | \u2705 WhatsApp message sent.
2026-03-13 13:29:52,785 | INFO | \u267b\ufe0f Reset processed file list (folder empty)
2026-03-13 15:04:54,782 | INFO | \U0001f4c2 Watching for Excel/CSV files...
2026-03-13 15:07:20,736 | INFO | \U0001f4c2 Watching for Excel/CSV files...
2026-03-13 15:09:49,694 | INFO | \U0001f4c2 Watching for Excel/CSV files...
2026-03-13 15:20:30,833 | INFO | \U0001f4c2 Watching for Excel/CSV files...
2026-03-13 17:02:51,105 | INFO | \U0001f4c4 Detected file: attendance_combined.xlsx
2026-03-13 17:02:57,080 | ERROR | \u274c Script failed: C:\AttendanceAutomation\automate.py | Command '['python', 'C:\\AttendanceAutomation\\automate.py']' returned non-zero exit status 1.
2026-03-13 17:02:57,081 | ERROR | \u26a0\ufe0f automate.py failed — skipping WhatsApp send.
2026-03-13 18:04:59,791 | INFO | \U0001f4c4 Detected file: attendance_combined.xlsx
2026-03-13 18:05:06,076 | ERROR | \u274c Script failed: C:\AttendanceAutomation\automate.py | Command '['python', 'C:\\AttendanceAutomation\\automate.py']' returned non-zero exit status 1.
2026-03-13 18:05:06,076 | ERROR | \u26a0\ufe0f automate.py failed — skipping WhatsApp send.
2026-03-13 18:05:18,083 | ERROR | \u274c Watcher crashed: [WinError 2] The system cannot find the file specified: 'C:\\AttendanceAutomation\\Input\\attendance_combined.xlsx'
2026-03-13 18:05:20,084 | INFO | \u267b\ufe0f Reset processed file list (folder empty)
2026-03-13 18:06:08,124 | INFO | \U0001f4c4 Detected file: attendance_combined.xlsx
2026-03-13 18:06:14,315 | ERROR | \u274c Script failed: C:\AttendanceAutomation\automate.py | Command '['python', 'C:\\AttendanceAutomation\\automate.py']' returned non-zero exit status 1.
2026-03-13 18:06:14,316 | ERROR | \u26a0\ufe0f automate.py failed — skipping WhatsApp send.
2026-03-13 18:10:34,460 | INFO | \U0001f4c4 Detected file: attendance_combined.xlsx
2026-03-13 18:10:41,657 | INFO | \u2705 Message generated.
2026-03-13 18:10:51,658 | ERROR | \u26a0\ufe0f Could not delete input file: [WinError 2] The system cannot find the file specified: 'C:\\AttendanceAutomation\\Input\\attendance_combined.xlsx'
2026-03-13 18:11:53,264 | INFO | \u2705 WhatsApp message sent.
2026-03-13 18:11:55,265 | INFO | \u267b\ufe0f Reset processed file list (folder empty)
2026-03-14 10:08:35,817 | INFO | \U0001f4c4 Detected file: attendance_combined.xlsx
2026-03-14 10:08:44,349 | INFO | \u2705 Message generated.
2026-03-14 10:08:54,349 | ERROR | \u26a0\ufe0f Could not delete input file: [WinError 2] The system cannot find the file specified: 'C:\\AttendanceAutomation\\Input\\attendance_combined.xlsx'
2026-03-14 10:09:56,375 | INFO | \u2705 WhatsApp message sent.
2026-03-14 10:09:58,376 | INFO | \u267b\ufe0f Reset processed file list (folder empty)
2026-03-14 12:04:38,815 | INFO | \U0001f4c4 Detected file: attendance_combined.xlsx
2026-03-14 12:04:48,252 | INFO | \u2705 Message generated.
2026-03-14 12:04:58,254 | ERROR | \u26a0\ufe0f Could not delete input file: [WinError 2] The system cannot find the file specified: 'C:\\AttendanceAutomation\\Input\\attendance_combined.xlsx'
2026-03-14 12:06:00,657 | INFO | \u2705 WhatsApp message sent.
2026-03-14 12:06:02,658 | INFO | \u267b\ufe0f Reset processed file list (folder empty)
2026-03-14 12:48:57,525 | INFO | \U0001f4c4 Detected file: attendance_combined.xlsx
2026-03-14 12:49:06,599 | INFO | \u2705 Message generated.
2026-03-14 12:49:16,600 | ERROR | \u26a0\ufe0f Could not delete input file: [WinError 2] The system cannot find the file specified: 'C:\\AttendanceAutomation\\Input\\attendance_combined.xlsx'
2026-03-14 12:50:17,522 | INFO | \u2705 WhatsApp message sent.
2026-03-14 12:50:19,523 | INFO | \u267b\ufe0f Reset processed file list (folder empty)
2026-03-14 12:57:33,682 | INFO | \U0001f4c4 Detected file: attendance_combined.xlsx
2026-03-14 12:57:40,825 | INFO | \u2705 Message generated.
2026-03-14 12:57:50,826 | ERROR | \u26a0\ufe0f Could not delete input file: [WinError 2] The system cannot find the file specified: 'C:\\AttendanceAutomation\\Input\\attendance_combined.xlsx'
2026-03-14 12:58:51,566 | INFO | \u2705 WhatsApp message sent.
2026-03-14 12:58:53,566 | INFO | \u267b\ufe0f Reset processed file list (folder empty)
2026-03-16 09:31:24,934 | INFO | \U0001f4c4 Detected file: attendance_combined.xlsx
2026-03-16 09:31:34,305 | INFO | \u2705 Message generated.
2026-03-16 09:31:44,305 | ERROR | \u26a0\ufe0f Could not delete input file: [WinError 2] The system cannot find the file specified: 'C:\\AttendanceAutomation\\Input\\attendance_combined.xlsx'
2026-03-16 09:32:46,449 | INFO | \u2705 WhatsApp message sent.
2026-03-16 09:32:48,450 | INFO | \u267b\ufe0f Reset processed file list (folder empty)
2026-03-16 10:16:05,675 | INFO | \U0001f4c4 Detected file: attendance_combined.xlsx
2026-03-16 10:16:14,574 | INFO | \u2705 Message generated.
2026-03-16 10:16:24,574 | ERROR | \u26a0\ufe0f Could not delete input file: [WinError 2] The system cannot find the file specified: 'C:\\AttendanceAutomation\\Input\\attendance_combined.xlsx'
2026-03-16 10:17:25,803 | INFO | \u2705 WhatsApp message sent.
2026-03-16 10:17:27,805 | INFO | \u267b\ufe0f Reset processed file list (folder empty)
2026-03-16 11:18:51,005 | INFO | \U0001f4c4 Detected file: attendance_combined.xlsx
2026-03-16 11:18:58,279 | INFO | \u2705 Message generated.
2026-03-16 11:19:08,280 | ERROR | \u26a0\ufe0f Could not delete input file: [WinError 2] The system cannot find the file specified: 'C:\\AttendanceAutomation\\Input\\attendance_combined.xlsx'
2026-03-16 11:20:08,346 | INFO | \u2705 WhatsApp message sent.
2026-03-16 11:20:10,347 | INFO | \u267b\ufe0f Reset processed file list (folder empty)
2026-03-16 11:24:22,451 | INFO | \U0001f4c4 Detected file: attendance_combined.xlsx
2026-03-16 11:24:30,152 | INFO | \u2705 Message generated.
2026-03-16 11:24:40,154 | ERROR | \u26a0\ufe0f Could not delete input file: [WinError 2] The system cannot find the file specified: 'C:\\AttendanceAutomation\\Input\\attendance_combined.xlsx'
2026-03-16 11:25:40,889 | INFO | \u2705 WhatsApp message sent.
2026-03-16 11:25:42,890 | INFO | \u267b\ufe0f Reset processed file list (folder empty)
2026-03-16 12:20:46,031 | INFO | \U0001f4c4 Detected file: attendance_combined.xlsx
2026-03-16 12:20:53,476 | INFO | \u2705 Message generated.
2026-03-16 12:21:03,477 | ERROR | \u26a0\ufe0f Could not delete input file: [WinError 2] The system cannot find the file specified: 'C:\\AttendanceAutomation\\Input\\attendance_combined.xlsx'
2026-03-16 12:22:04,476 | INFO | \u2705 WhatsApp message sent.
2026-03-16 12:22:06,477 | INFO | \u267b\ufe0f Reset processed file list (folder empty)
2026-03-16 13:28:07,915 | INFO | \U0001f4c4 Detected file: attendance_combined.xlsx
2026-03-16 13:28:15,420 | INFO | \u2705 Message generated.
2026-03-16 13:28:25,420 | ERROR | \u26a0\ufe0f Could not delete input file: [WinError 2] The system cannot find the file specified: 'C:\\AttendanceAutomation\\Input\\attendance_combined.xlsx'
2026-03-16 13:28:49,744 | ERROR | \u274c Script failed: C:\AttendanceAutomation\whatsapp_sender.py | Command '['python', 'C:\\AttendanceAutomation\\whatsapp_sender.py']' returned non-zero exit status 3221225786.
2026-03-16 13:28:49,748 | ERROR | \u26a0\ufe0f WhatsApp send failed.
2026-03-16 13:28:51,748 | INFO | \u267b\ufe0f Reset processed file list (folder empty)
2026-03-16 13:43:26,049 | INFO | \U0001f4c4 Detected file: attendance_combined.xlsx
2026-03-16 13:43:33,932 | INFO | \u2705 Message generated.
2026-03-16 13:43:43,934 | ERROR | \u26a0\ufe0f Could not delete input file: [WinError 2] The system cannot find the file specified: 'C:\\AttendanceAutomation\\Input\\attendance_combined.xlsx'
2026-03-16 13:44:10,792 | ERROR | \u274c Script failed: C:\AttendanceAutomation\whatsapp_sender.py | Command '['python', 'C:\\AttendanceAutomation\\whatsapp_sender.py']' returned non-zero exit status 3221225786.
2026-03-16 13:44:10,792 | ERROR | \u26a0\ufe0f WhatsApp send failed.
2026-03-16 13:44:12,793 | INFO | \u267b\ufe0f Reset processed file list (folder empty)
2026-03-16 13:49:19,872 | INFO | \U0001f4c2 Watching for Excel/CSV files...
2026-03-17 09:43:17,916 | INFO | \U0001f4c4 Detected file: attendance_combined.xlsx
2026-03-17 09:43:26,628 | INFO | \u2705 Message generated.
2026-03-17 09:43:36,635 | ERROR | \u26a0\ufe0f Could not delete input file: [WinError 2] The system cannot find the file specified: 'C:\\AttendanceAutomation\\Input\\attendance_combined.xlsx'
2026-03-17 09:44:38,597 | INFO | \u2705 WhatsApp message sent.
2026-03-17 09:44:40,598 | INFO | \u267b\ufe0f Reset processed file list (folder empty)
2026-03-17 10:40:39,829 | INFO | \U0001f4c4 Detected file: attendance_combined.xlsx
2026-03-17 10:40:49,342 | INFO | \u2705 Message generated.
2026-03-17 10:40:59,344 | ERROR | \u26a0\ufe0f Could not delete input file: [WinError 2] The system cannot find the file specified: 'C:\\AttendanceAutomation\\Input\\attendance_combined.xlsx'
2026-03-17 10:42:00,654 | INFO | \u2705 WhatsApp message sent.
2026-03-17 10:42:02,655 | INFO | \u267b\ufe0f Reset processed file list (folder empty)
2026-03-17 11:02:11,085 | INFO | \U0001f4c4 Detected file: attendance_combined.xlsx
2026-03-17 11:02:19,056 | INFO | \u2705 Message generated.
2026-03-17 11:02:29,057 | ERROR | \u26a0\ufe0f Could not delete input file: [WinError 2] The system cannot find the file specified: 'C:\\AttendanceAutomation\\Input\\attendance_combined.xlsx'
2026-03-17 11:03:30,199 | INFO | \u2705 WhatsApp message sent.
2026-03-17 11:03:32,200 | INFO | \u267b\ufe0f Reset processed file list (folder empty)
2026-03-17 11:33:54,868 | INFO | \U0001f4c4 Detected file: attendance_combined.xlsx
2026-03-17 11:34:03,100 | INFO | \u2705 Message generated.
2026-03-17 11:34:13,101 | ERROR | \u26a0\ufe0f Could not delete input file: [WinError 2] The system cannot find the file specified: 'C:\\AttendanceAutomation\\Input\\attendance_combined.xlsx'
2026-03-17 11:35:14,628 | INFO | \u2705 WhatsApp message sent.
2026-03-17 11:35:16,630 | INFO | \u267b\ufe0f Reset processed file list (folder empty)
2026-03-17 11:38:54,722 | INFO | \U0001f4c4 Detected file: attendance_combined.xlsx
2026-03-17 11:39:02,706 | INFO | \u2705 Message generated.
2026-03-17 11:39:12,707 | ERROR | \u26a0\ufe0f Could not delete input file: [WinError 2] The system cannot find the file specified: 'C:\\AttendanceAutomation\\Input\\attendance_combined.xlsx'
2026-03-17 11:40:14,184 | INFO | \u2705 WhatsApp message sent.
2026-03-17 11:40:16,184 | INFO | \u267b\ufe0f Reset processed file list (folder empty)
2026-03-17 11:53:34,478 | INFO | \U0001f4c4 Detected file: attendance_combined.xlsx
2026-03-17 11:53:42,212 | INFO | \u2705 Message generated.
2026-03-17 11:53:52,213 | ERROR | \u26a0\ufe0f Could not delete input file: [WinError 2] The system cannot find the file specified: 'C:\\AttendanceAutomation\\Input\\attendance_combined.xlsx'
2026-03-17 11:54:52,766 | INFO | \u2705 WhatsApp message sent.
2026-03-17 11:54:54,767 | INFO | \u267b\ufe0f Reset processed file list (folder empty)
2026-03-17 12:49:25,925 | INFO | \U0001f4c4 Detected file: attendance_combined.xlsx
2026-03-17 12:49:33,970 | INFO | \u2705 Message generated.
2026-03-17 12:49:43,971 | ERROR | \u26a0\ufe0f Could not delete input file: [WinError 2] The system cannot find the file specified: 'C:\\AttendanceAutomation\\Input\\attendance_combined.xlsx'
2026-03-17 12:50:46,247 | INFO | \u2705 WhatsApp message sent.
2026-03-17 12:50:48,248 | INFO | \u267b\ufe0f Reset processed file list (folder empty)
2026-03-17 14:32:54,284 | INFO | \U0001f4c4 Detected file: attendance_combined.xlsx
2026-03-17 14:33:02,136 | INFO | \u2705 Message generated.
2026-03-17 14:33:12,137 | ERROR | \u26a0\ufe0f Could not delete input file: [WinError 2] The system cannot find the file specified: 'C:\\AttendanceAutomation\\Input\\attendance_combined.xlsx'
2026-03-17 14:34:13,680 | INFO | \u2705 WhatsApp message sent.
2026-03-17 14:34:15,680 | INFO | \u267b\ufe0f Reset processed file list (folder empty)
2026-03-17 15:17:30,580 | INFO | \U0001f4c4 Detected file: attendance_combined.xlsx
2026-03-17 15:17:39,997 | INFO | \u2705 Message generated.
2026-03-17 15:17:49,999 | ERROR | \u26a0\ufe0f Could not delete input file: [WinError 2] The system cannot find the file specified: 'C:\\AttendanceAutomation\\Input\\attendance_combined.xlsx'
2026-03-17 15:18:23,665 | ERROR | \u274c Script failed: C:\AttendanceAutomation\whatsapp_sender.py | Command '['python', 'C:\\AttendanceAutomation\\whatsapp_sender.py']' returned non-zero exit status 3221225786.
2026-03-17 15:18:23,665 | ERROR | \u26a0\ufe0f WhatsApp send failed.
2026-03-17 15:18:25,666 | INFO | \u267b\ufe0f Reset processed file list (folder empty)
2026-03-17 16:27:09,129 | INFO | \U0001f4c4 Detected file: attendance_combined.xlsx
2026-03-17 16:27:16,774 | INFO | \u2705 Message generated.
2026-03-17 16:27:26,775 | ERROR | \u26a0\ufe0f Could not delete input file: [WinError 2] The system cannot find the file specified: 'C:\\AttendanceAutomation\\Input\\attendance_combined.xlsx'
2026-03-17 16:28:28,547 | INFO | \u2705 WhatsApp message sent.
2026-03-17 16:28:30,549 | INFO | \u267b\ufe0f Reset processed file list (folder empty)
2026-03-18 09:43:34,249 | INFO | \U0001f4c4 Detected file: attendance_combined.xlsx
2026-03-18 09:43:43,104 | INFO | \u2705 Message generated.
2026-03-18 09:43:53,113 | ERROR | \u26a0\ufe0f Could not delete input file: [WinError 2] The system cannot find the file specified: 'C:\\AttendanceAutomation\\Input\\attendance_combined.xlsx'
2026-03-18 09:45:24,119 | INFO | \u2705 WhatsApp message sent.
2026-03-18 09:45:26,120 | INFO | \u267b\ufe0f Reset processed file list (folder empty)
2026-03-18 10:36:39,188 | INFO | \U0001f4c4 Detected file: attendance_combined.xlsx
2026-03-18 10:36:48,332 | INFO | \u2705 Message generated.
2026-03-18 10:36:58,334 | ERROR | \u26a0\ufe0f Could not delete input file: [WinError 2] The system cannot find the file specified: 'C:\\AttendanceAutomation\\Input\\attendance_combined.xlsx'
2026-03-18 10:37:20,478 | ERROR | \u274c Script failed: C:\AttendanceAutomation\whatsapp_sender.py | Command '['python', 'C:\\AttendanceAutomation\\whatsapp_sender.py']' returned non-zero exit status 1.
2026-03-18 10:37:20,478 | ERROR | \u26a0\ufe0f WhatsApp send failed.
2026-03-18 10:37:22,480 | INFO | \u267b\ufe0f Reset processed file list (folder empty)
2026-03-18 12:17:56,595 | INFO | \U0001f4c4 Detected file: attendance_combined.xlsx
2026-03-18 12:18:04,608 | INFO | \u2705 Message generated.
2026-03-18 12:18:14,609 | ERROR | \u26a0\ufe0f Could not delete input file: [WinError 2] The system cannot find the file specified: 'C:\\AttendanceAutomation\\Input\\attendance_combined.xlsx'
2026-03-18 12:19:15,785 | INFO | \u2705 WhatsApp message sent.
2026-03-18 12:19:17,786 | INFO | \u267b\ufe0f Reset processed file list (folder empty)
2026-03-18 12:25:45,934 | INFO | \U0001f4c4 Detected file: attendance_combined.xlsx
2026-03-18 12:25:53,138 | INFO | \u2705 Message generated.
2026-03-18 12:26:03,139 | ERROR | \u26a0\ufe0f Could not delete input file: [WinError 2] The system cannot find the file specified: 'C:\\AttendanceAutomation\\Input\\attendance_combined.xlsx'
2026-03-18 12:27:04,594 | INFO | \u2705 WhatsApp message sent.
2026-03-18 12:27:06,595 | INFO | \u267b\ufe0f Reset processed file list (folder empty)
2026-03-23 08:48:00,476 | INFO | \U0001f4c2 Watching for Excel/CSV files...
2026-03-23 10:00:47,982 | INFO | \U0001f4c4 Detected file: attendance_combined.xlsx
2026-03-23 10:00:56,345 | INFO | \u2705 Message generated.
2026-03-23 10:01:06,351 | ERROR | \u26a0\ufe0f Could not delete input file: [WinError 2] The system cannot find the file specified: 'C:\\AttendanceAutomation\\Input\\attendance_combined.xlsx'
2026-03-23 10:01:31,683 | ERROR | \u274c Script failed: C:\AttendanceAutomation\whatsapp_sender.py | Command '['python', 'C:\\AttendanceAutomation\\whatsapp_sender.py']' returned non-zero exit status 1.
2026-03-23 10:01:31,684 | ERROR | \u26a0\ufe0f WhatsApp send failed.
2026-03-23 10:01:33,684 | INFO | \u267b\ufe0f Reset processed file list (folder empty)
2026-03-23 10:07:25,871 | INFO | \U0001f4c2 Watching for Excel/CSV files...
2026-03-23 10:34:06,357 | INFO | \U0001f4c4 Detected file: attendance_combined.xlsx
2026-03-23 10:34:06,386 | INFO | \U0001f4c4 Detected file: attendance_combined.xlsx
2026-03-23 10:34:13,836 | INFO | \u2705 Message generated.
2026-03-23 10:34:13,836 | INFO | \u2705 Message generated.
2026-03-23 10:34:23,837 | ERROR | \u26a0\ufe0f Could not delete input file: [WinError 2] The system cannot find the file specified: 'C:\\AttendanceAutomation\\Input\\attendance_combined.xlsx'
2026-03-23 10:34:23,842 | ERROR | \u26a0\ufe0f Could not delete input file: [WinError 2] The system cannot find the file specified: 'C:\\AttendanceAutomation\\Input\\attendance_combined.xlsx'
2026-03-23 10:34:46,465 | ERROR | \u274c Script failed: C:\AttendanceAutomation\whatsapp_sender.py | Command '['python', 'C:\\AttendanceAutomation\\whatsapp_sender.py']' returned non-zero exit status 1.
2026-03-23 10:34:46,466 | ERROR | \u26a0\ufe0f WhatsApp send failed.
2026-03-23 10:34:48,466 | INFO | \u267b\ufe0f Reset processed file list (folder empty)
2026-03-23 10:35:26,179 | INFO | \u2705 WhatsApp message sent.
2026-03-23 10:35:28,181 | INFO | \u267b\ufe0f Reset processed file list (folder empty)
2026-03-23 11:41:09,427 | INFO | \U0001f4c4 Detected file: attendance_combined.xlsx
2026-03-23 11:41:09,665 | INFO | \U0001f4c4 Detected file: attendance_combined.xlsx
2026-03-23 11:41:17,202 | INFO | \u2705 Message generated.
2026-03-23 11:41:17,653 | INFO | \u2705 Message generated.
2026-03-23 11:41:27,203 | ERROR | \u26a0\ufe0f Could not delete input file: [WinError 2] The system cannot find the file specified: 'C:\\AttendanceAutomation\\Input\\attendance_combined.xlsx'
2026-03-23 11:41:27,657 | ERROR | \u26a0\ufe0f Could not delete input file: [WinError 2] The system cannot find the file specified: 'C:\\AttendanceAutomation\\Input\\attendance_combined.xlsx'
2026-03-23 11:42:28,349 | INFO | \u2705 WhatsApp message sent.
2026-03-23 11:42:28,495 | INFO | \u2705 WhatsApp message sent.
2026-03-23 11:42:30,350 | INFO | \u267b\ufe0f Reset processed file list (folder empty)
2026-03-23 11:42:30,495 | INFO | \u267b\ufe0f Reset processed file list (folder empty)
2026-03-23 16:11:05,169 | INFO | \U0001f4c4 Detected file: attendance_combined.xlsx
2026-03-23 16:11:14,773 | INFO | \u2705 Message generated.
2026-03-23 16:11:14,788 | INFO | \u2705 Message generated.
2026-03-23 16:11:24,776 | ERROR | \u26a0\ufe0f Could not delete input file: [WinError 2] The system cannot find the file specified: 'C:\\AttendanceAutomation\\Input\\attendance_combined.xlsx'
2026-03-23 16:11:24,790 | ERROR | \u26a0\ufe0f Could not delete input file: [WinError 2] The system cannot find the file specified: 'C:\\AttendanceAutomation\\Input\\attendance_combined.xlsx'
2026-03-23 16:11:47,614 | ERROR | \u274c Script failed: C:\AttendanceAutomation\whatsapp_sender.py | Command '['python', 'C:\\AttendanceAutomation\\whatsapp_sender.py']' returned non-zero exit status 1.
2026-03-23 16:11:47,616 | ERROR | \u26a0\ufe0f WhatsApp send failed.
2026-03-23 16:11:49,357 | ERROR | \u274c Script failed: C:\AttendanceAutomation\whatsapp_sender.py | Command '['python', 'C:\\AttendanceAutomation\\whatsapp_sender.py']' returned non-zero exit status 3221225786.
2026-03-23 16:11:49,357 | ERROR | \u26a0\ufe0f WhatsApp send failed.
2026-03-23 16:11:49,617 | INFO | \u267b\ufe0f Reset processed file list (folder empty)
2026-03-23 16:11:51,358 | INFO | \u267b\ufe0f Reset processed file list (folder empty)
2026-03-23 18:15:26,046 | INFO | \U0001f4c4 Detected file: attendance_combined.xlsx
2026-03-23 18:15:26,212 | INFO | \U0001f4c4 Detected file: attendance_combined.xlsx
2026-03-23 18:15:34,532 | INFO | \u2705 Message generated.
2026-03-23 18:15:34,664 | INFO | \u2705 Message generated.
2026-03-23 18:15:44,538 | ERROR | \u26a0\ufe0f Could not delete input file: [WinError 2] The system cannot find the file specified: 'C:\\AttendanceAutomation\\Input\\attendance_combined.xlsx'
2026-03-23 18:15:44,667 | ERROR | \u26a0\ufe0f Could not delete input file: [WinError 2] The system cannot find the file specified: 'C:\\AttendanceAutomation\\Input\\attendance_combined.xlsx'
2026-03-23 18:16:07,576 | ERROR | \u274c Script failed: C:\AttendanceAutomation\whatsapp_sender.py | Command '['python', 'C:\\AttendanceAutomation\\whatsapp_sender.py']' returned non-zero exit status 1.
2026-03-23 18:16:07,577 | ERROR | \u26a0\ufe0f WhatsApp send failed.
2026-03-23 18:16:09,577 | INFO | \u267b\ufe0f Reset processed file list (folder empty)
2026-03-23 18:16:46,361 | INFO | \u2705 WhatsApp message sent.
2026-03-23 18:16:48,362 | INFO | \u267b\ufe0f Reset processed file list (folder empty)
2026-03-24 09:54:50,706 | INFO | \U0001f4c4 Detected file: attendance_combined.xlsx
2026-03-24 09:54:51,644 | INFO | \U0001f4c4 Detected file: attendance_combined.xlsx
2026-03-24 09:55:00,211 | INFO | \u2705 Message generated.
2026-03-24 09:55:00,349 | INFO | \u2705 Message generated.
2026-03-24 09:55:10,216 | ERROR | \u26a0\ufe0f Could not delete input file: [WinError 2] The system cannot find the file specified: 'C:\\AttendanceAutomation\\Input\\attendance_combined.xlsx'
2026-03-24 09:55:10,352 | ERROR | \u26a0\ufe0f Could not delete input file: [WinError 2] The system cannot find the file specified: 'C:\\AttendanceAutomation\\Input\\attendance_combined.xlsx'
2026-03-24 09:56:11,469 | INFO | \u2705 WhatsApp message sent.
2026-03-24 09:56:11,634 | INFO | \u2705 WhatsApp message sent.
2026-03-24 09:56:13,473 | INFO | \u267b\ufe0f Reset processed file list (folder empty)
2026-03-24 09:56:13,636 | INFO | \u267b\ufe0f Reset processed file list (folder empty)
2026-03-24 10:54:50,799 | INFO | \U0001f4c4 Detected file: attendance_combined.xlsx
2026-03-24 10:54:50,964 | INFO | \U0001f4c4 Detected file: attendance_combined.xlsx
2026-03-24 10:55:00,066 | INFO | \u2705 Message generated.
2026-03-24 10:55:00,136 | INFO | \u2705 Message generated.
2026-03-24 10:55:10,070 | ERROR | \u26a0\ufe0f Could not delete input file: [WinError 2] The system cannot find the file specified: 'C:\\AttendanceAutomation\\Input\\attendance_combined.xlsx'
2026-03-24 10:55:10,140 | ERROR | \u26a0\ufe0f Could not delete input file: [WinError 2] The system cannot find the file specified: 'C:\\AttendanceAutomation\\Input\\attendance_combined.xlsx'
2026-03-24 10:55:33,126 | ERROR | \u274c Script failed: C:\AttendanceAutomation\whatsapp_sender.py | Command '['python', 'C:\\AttendanceAutomation\\whatsapp_sender.py']' returned non-zero exit status 1.
2026-03-24 10:55:33,127 | ERROR | \u26a0\ufe0f WhatsApp send failed.
2026-03-24 10:55:35,128 | INFO | \u267b\ufe0f Reset processed file list (folder empty)
2026-03-24 10:55:42,320 | ERROR | \u274c Script failed: C:\AttendanceAutomation\whatsapp_sender.py | Command '['python', 'C:\\AttendanceAutomation\\whatsapp_sender.py']' returned non-zero exit status 3221225786.
2026-03-24 10:55:42,321 | ERROR | \u26a0\ufe0f WhatsApp send failed.
2026-03-24 10:55:44,322 | INFO | \u267b\ufe0f Reset processed file list (folder empty)
2026-03-24 12:04:02,649 | INFO | \U0001f4c4 Detected file: attendance_combined.xlsx
2026-03-24 12:04:03,785 | INFO | \U0001f4c4 Detected file: attendance_combined.xlsx
2026-03-24 12:04:10,432 | INFO | \u2705 Message generated.
2026-03-24 12:04:11,032 | INFO | \u2705 Message generated.
2026-03-24 12:04:20,434 | ERROR | \u26a0\ufe0f Could not delete input file: [WinError 2] The system cannot find the file specified: 'C:\\AttendanceAutomation\\Input\\attendance_combined.xlsx'
2026-03-24 12:04:21,034 | ERROR | \u26a0\ufe0f Could not delete input file: [WinError 2] The system cannot find the file specified: 'C:\\AttendanceAutomation\\Input\\attendance_combined.xlsx'
2026-03-24 12:04:44,170 | ERROR | \u274c Script failed: C:\AttendanceAutomation\whatsapp_sender.py | Command '['python', 'C:\\AttendanceAutomation\\whatsapp_sender.py']' returned non-zero exit status 1.
2026-03-24 12:04:44,171 | ERROR | \u26a0\ufe0f WhatsApp send failed.
2026-03-24 12:04:46,172 | INFO | \u267b\ufe0f Reset processed file list (folder empty)
2026-03-24 12:05:21,759 | INFO | \u2705 WhatsApp message sent.
2026-03-24 12:05:23,761 | INFO | \u267b\ufe0f Reset processed file list (folder empty)
2026-03-24 16:28:56,575 | INFO | \U0001f4c4 Detected file: attendance_combined.xlsx
2026-03-24 16:28:56,575 | INFO | \U0001f4c4 Detected file: attendance_combined.xlsx
2026-03-24 16:29:08,615 | INFO | \u2705 Message generated.
2026-03-24 16:29:08,620 | INFO | \u2705 Message generated.
2026-03-24 16:29:18,618 | ERROR | \u26a0\ufe0f Could not delete input file: [WinError 2] The system cannot find the file specified: 'C:\\AttendanceAutomation\\Input\\attendance_combined.xlsx'
2026-03-24 16:29:18,622 | ERROR | \u26a0\ufe0f Could not delete input file: [WinError 2] The system cannot find the file specified: 'C:\\AttendanceAutomation\\Input\\attendance_combined.xlsx'
2026-03-24 16:29:41,424 | ERROR | \u274c Script failed: C:\AttendanceAutomation\whatsapp_sender.py | Command '['python', 'C:\\AttendanceAutomation\\whatsapp_sender.py']' returned non-zero exit status 1.
2026-03-24 16:29:41,426 | ERROR | \u26a0\ufe0f WhatsApp send failed.
2026-03-24 16:29:43,427 | INFO | \u267b\ufe0f Reset processed file list (folder empty)
2026-03-24 16:30:19,676 | ERROR | \u274c Script failed: C:\AttendanceAutomation\whatsapp_sender.py | Command '['python', 'C:\\AttendanceAutomation\\whatsapp_sender.py']' returned non-zero exit status 3221225786.
2026-03-24 16:30:19,679 | ERROR | \u26a0\ufe0f WhatsApp send failed.
2026-03-24 16:30:21,680 | INFO | \u267b\ufe0f Reset processed file list (folder empty)
2026-03-25 09:38:47,831 | INFO | \U0001f4c4 Detected file: attendance_combined.xlsx
2026-03-25 09:38:47,881 | INFO | \U0001f4c4 Detected file: attendance_combined.xlsx
2026-03-25 09:38:57,738 | INFO | \u2705 Message generated.
2026-03-25 09:38:57,751 | INFO | \u2705 Message generated.
2026-03-25 09:39:07,740 | ERROR | \u26a0\ufe0f Could not delete input file: [WinError 2] The system cannot find the file specified: 'C:\\AttendanceAutomation\\Input\\attendance_combined.xlsx'
2026-03-25 09:39:07,753 | ERROR | \u26a0\ufe0f Could not delete input file: [WinError 2] The system cannot find the file specified: 'C:\\AttendanceAutomation\\Input\\attendance_combined.xlsx'
2026-03-25 09:40:09,279 | INFO | \u2705 WhatsApp message sent.
2026-03-25 09:40:09,548 | INFO | \u2705 WhatsApp message sent.
2026-03-25 09:40:11,281 | INFO | \u267b\ufe0f Reset processed file list (folder empty)
2026-03-25 09:40:11,550 | INFO | \u267b\ufe0f Reset processed file list (folder empty)
2026-03-25 12:03:19,144 | INFO | \U0001f4c4 Detected file: attendance_combined.xlsx
2026-03-25 12:03:19,152 | INFO | \U0001f4c4 Detected file: attendance_combined.xlsx
2026-03-25 12:03:29,277 | INFO | \u2705 Message generated.
2026-03-25 12:03:29,296 | INFO | \u2705 Message generated.
2026-03-25 12:03:39,282 | ERROR | \u26a0\ufe0f Could not delete input file: [WinError 2] The system cannot find the file specified: 'C:\\AttendanceAutomation\\Input\\attendance_combined.xlsx'
2026-03-25 12:03:39,302 | ERROR | \u26a0\ufe0f Could not delete input file: [WinError 2] The system cannot find the file specified: 'C:\\AttendanceAutomation\\Input\\attendance_combined.xlsx'
2026-03-25 12:04:02,041 | ERROR | \u274c Script failed: C:\AttendanceAutomation\whatsapp_sender.py | Command '['python', 'C:\\AttendanceAutomation\\whatsapp_sender.py']' returned non-zero exit status 1.
2026-03-25 12:04:02,042 | ERROR | \u26a0\ufe0f WhatsApp send failed.
2026-03-25 12:04:04,043 | INFO | \u267b\ufe0f Reset processed file list (folder empty)
2026-03-25 12:04:41,223 | INFO | \u2705 WhatsApp message sent.
2026-03-25 12:04:43,226 | INFO | \u267b\ufe0f Reset processed file list (folder empty)
2026-03-25 14:41:23,198 | INFO | \U0001f4c2 Watching for Excel/CSV files...
2026-03-25 16:15:31,116 | INFO | \U0001f4c2 Watching for Excel/CSV files...
2026-03-25 17:24:18,547 | INFO | \U0001f4c2 Watching for Excel/CSV files...
2026-03-25 18:46:42,578 | INFO | \U0001f4c2 Watching for Excel/CSV files...
2026-03-26 10:11:58,499 | INFO | \U0001f4c4 Detected file: attendance_combined.xlsx
2026-03-26 10:11:58,578 | INFO | \U0001f4c4 Detected file: attendance_combined.xlsx
2026-03-26 10:12:08,453 | INFO | \u2705 Message generated.
2026-03-26 10:12:08,490 | INFO | \u2705 Message generated.
2026-03-26 10:12:18,462 | ERROR | \u26a0\ufe0f Could not delete input file: [WinError 2] The system cannot find the file specified: 'C:\\AttendanceAutomation\\Input\\attendance_combined.xlsx'
2026-03-26 10:12:18,494 | ERROR | \u26a0\ufe0f Could not delete input file: [WinError 2] The system cannot find the file specified: 'C:\\AttendanceAutomation\\Input\\attendance_combined.xlsx'
2026-03-26 10:12:41,431 | ERROR | \u274c Script failed: C:\AttendanceAutomation\whatsapp_sender.py | Command '['python', 'C:\\AttendanceAutomation\\whatsapp_sender.py']' returned non-zero exit status 1.
2026-03-26 10:12:41,433 | ERROR | \u26a0\ufe0f WhatsApp send failed.
2026-03-26 10:12:43,434 | INFO | \u267b\ufe0f Reset processed file list (folder empty)
2026-03-26 10:13:20,763 | INFO | \u2705 WhatsApp message sent.
2026-03-26 10:13:22,768 | INFO | \u267b\ufe0f Reset processed file list (folder empty)
2026-03-26 10:42:54,141 | INFO | \U0001f4c4 Detected file: attendance_combined.xlsx
2026-03-26 10:42:57,433 | INFO | \U0001f4c4 Detected file: attendance_combined.xlsx
2026-03-26 10:43:01,562 | INFO | \u2705 Message generated.
2026-03-26 10:43:03,270 | INFO | \u2705 Message generated.
2026-03-26 10:43:11,567 | ERROR | \u26a0\ufe0f Could not delete input file: [WinError 2] The system cannot find the file specified: 'C:\\AttendanceAutomation\\Input\\attendance_combined.xlsx'
2026-03-26 10:43:13,274 | ERROR | \u26a0\ufe0f Could not delete input file: [WinError 2] The system cannot find the file specified: 'C:\\AttendanceAutomation\\Input\\attendance_combined.xlsx'
2026-03-26 10:43:36,468 | ERROR | \u274c Script failed: C:\AttendanceAutomation\whatsapp_sender.py | Command '['python', 'C:\\AttendanceAutomation\\whatsapp_sender.py']' returned non-zero exit status 1.
2026-03-26 10:43:36,472 | ERROR | \u26a0\ufe0f WhatsApp send failed.
2026-03-26 10:43:38,474 | INFO | \u267b\ufe0f Reset processed file list (folder empty)
2026-03-26 10:44:12,988 | INFO | \u2705 WhatsApp message sent.
2026-03-26 10:44:14,989 | INFO | \u267b\ufe0f Reset processed file list (folder empty)
2026-03-26 11:07:19,459 | INFO | \U0001f4c4 Detected file: attendance_combined.xlsx
2026-03-26 11:07:22,990 | INFO | \U0001f4c4 Detected file: attendance_combined.xlsx
2026-03-26 11:07:27,651 | INFO | \u2705 Message generated.
2026-03-26 11:07:28,927 | INFO | \u2705 Message generated.
2026-03-26 11:07:37,653 | ERROR | \u26a0\ufe0f Could not delete input file: [WinError 2] The system cannot find the file specified: 'C:\\AttendanceAutomation\\Input\\attendance_combined.xlsx'
2026-03-26 11:07:38,929 | ERROR | \u26a0\ufe0f Could not delete input file: [WinError 2] The system cannot find the file specified: 'C:\\AttendanceAutomation\\Input\\attendance_combined.xlsx'
2026-03-26 11:08:02,675 | ERROR | \u274c Script failed: C:\AttendanceAutomation\whatsapp_sender.py | Command '['python', 'C:\\AttendanceAutomation\\whatsapp_sender.py']' returned non-zero exit status 1.
2026-03-26 11:08:02,676 | ERROR | \u26a0\ufe0f WhatsApp send failed.
2026-03-26 11:08:04,678 | INFO | \u267b\ufe0f Reset processed file list (folder empty)
2026-03-26 11:09:08,817 | INFO | \u2705 WhatsApp message sent.
2026-03-26 11:09:10,818 | INFO | \u267b\ufe0f Reset processed file list (folder empty)
2026-03-26 11:40:57,540 | INFO | \U0001f4c4 Detected file: attendance_combined.xlsx
2026-03-26 11:41:01,364 | INFO | \U0001f4c4 Detected file: attendance_combined.xlsx
2026-03-26 11:41:07,130 | INFO | \u2705 Message generated.
2026-03-26 11:41:07,159 | INFO | \u2705 Message generated.
2026-03-26 11:41:17,134 | ERROR | \u26a0\ufe0f Could not delete input file: [WinError 2] The system cannot find the file specified: 'C:\\AttendanceAutomation\\Input\\attendance_combined.xlsx'
2026-03-26 11:41:17,160 | ERROR | \u26a0\ufe0f Could not delete input file: [WinError 2] The system cannot find the file specified: 'C:\\AttendanceAutomation\\Input\\attendance_combined.xlsx'
2026-03-26 11:41:39,872 | ERROR | \u274c Script failed: C:\AttendanceAutomation\whatsapp_sender.py | Command '['python', 'C:\\AttendanceAutomation\\whatsapp_sender.py']' returned non-zero exit status 1.
2026-03-26 11:41:39,872 | ERROR | \u26a0\ufe0f WhatsApp send failed.
2026-03-26 11:41:41,873 | INFO | \u267b\ufe0f Reset processed file list (folder empty)
2026-03-26 11:42:18,035 | INFO | \u2705 WhatsApp message sent.
2026-03-26 11:42:20,035 | INFO | \u267b\ufe0f Reset processed file list (folder empty)
2026-03-26 12:35:07,032 | INFO | \U0001f4c4 Detected file: attendance_combined.xlsx
2026-03-26 12:35:07,094 | INFO | \U0001f4c4 Detected file: attendance_combined.xlsx
2026-03-26 12:35:14,591 | INFO | \u2705 Message generated.
2026-03-26 12:35:14,664 | INFO | \u2705 Message generated.
2026-03-26 12:35:24,592 | ERROR | \u26a0\ufe0f Could not delete input file: [WinError 2] The system cannot find the file specified: 'C:\\AttendanceAutomation\\Input\\attendance_combined.xlsx'
2026-03-26 12:35:24,666 | ERROR | \u26a0\ufe0f Could not delete input file: [WinError 2] The system cannot find the file specified: 'C:\\AttendanceAutomation\\Input\\attendance_combined.xlsx'
2026-03-26 12:36:25,786 | INFO | \u2705 WhatsApp message sent.
2026-03-26 12:36:25,994 | INFO | \u2705 WhatsApp message sent.
2026-03-26 12:36:27,787 | INFO | \u267b\ufe0f Reset processed file list (folder empty)
2026-03-26 12:36:27,995 | INFO | \u267b\ufe0f Reset processed file list (folder empty)
2026-03-26 15:35:01,683 | INFO | \U0001f4c4 Detected file: attendance_combined.xlsx
2026-03-26 15:35:01,930 | INFO | \U0001f4c4 Detected file: attendance_combined.xlsx
2026-03-26 15:35:10,500 | INFO | \u2705 Message generated.
2026-03-26 15:35:10,503 | INFO | \u2705 Message generated.
2026-03-26 15:35:20,504 | ERROR | \u26a0\ufe0f Could not delete input file: [WinError 2] The system cannot find the file specified: 'C:\\AttendanceAutomation\\Input\\attendance_combined.xlsx'
2026-03-26 15:35:20,506 | ERROR | \u26a0\ufe0f Could not delete input file: [WinError 2] The system cannot find the file specified: 'C:\\AttendanceAutomation\\Input\\attendance_combined.xlsx'
2026-03-26 15:35:43,323 | ERROR | \u274c Script failed: C:\AttendanceAutomation\whatsapp_sender.py | Command '['python', 'C:\\AttendanceAutomation\\whatsapp_sender.py']' returned non-zero exit status 1.
2026-03-26 15:35:43,324 | ERROR | \u26a0\ufe0f WhatsApp send failed.
2026-03-26 15:35:45,325 | INFO | \u267b\ufe0f Reset processed file list (folder empty)
2026-03-26 15:36:20,222 | ERROR | \u274c Script failed: C:\AttendanceAutomation\whatsapp_sender.py | Command '['python', 'C:\\AttendanceAutomation\\whatsapp_sender.py']' returned non-zero exit status 3221225786.
2026-03-26 15:36:20,224 | ERROR | \u26a0\ufe0f WhatsApp send failed.
2026-03-26 15:36:22,224 | INFO | \u267b\ufe0f Reset processed file list (folder empty)
2026-03-26 15:42:12,484 | INFO | \U0001f4c2 Watching for Excel/CSV files...
2026-03-27 10:02:36,558 | INFO | \U0001f4c4 Detected file: attendance_combined.xlsx
2026-03-27 10:02:45,499 | INFO | \u2705 Message generated.
2026-03-27 10:02:55,500 | ERROR | \u26a0\ufe0f Could not delete input file: [WinError 2] The system cannot find the file specified: 'C:\\AttendanceAutomation\\Input\\attendance_combined.xlsx'
2026-03-27 10:04:28,118 | INFO | \u2705 WhatsApp message sent.
2026-03-27 10:04:30,119 | INFO | \u267b\ufe0f Reset processed file list (folder empty)
2026-03-27 10:09:42,247 | INFO | \U0001f4c4 Detected file: attendance_combined.xlsx
2026-03-27 10:09:51,485 | INFO | \u2705 Message generated.
2026-03-27 10:10:01,486 | ERROR | \u26a0\ufe0f Could not delete input file: [WinError 2] The system cannot find the file specified: 'C:\\AttendanceAutomation\\Input\\attendance_combined.xlsx'
2026-03-27 10:11:03,684 | INFO | \u2705 WhatsApp message sent.
2026-03-27 10:11:05,684 | INFO | \u267b\ufe0f Reset processed file list (folder empty)
2026-03-27 10:43:44,355 | INFO | \U0001f4c4 Detected file: attendance_combined.xlsx
2026-03-27 10:43:52,733 | INFO | \u2705 Message generated.
2026-03-27 10:44:02,734 | ERROR | \u26a0\ufe0f Could not delete input file: [WinError 2] The system cannot find the file specified: 'C:\\AttendanceAutomation\\Input\\attendance_combined.xlsx'
2026-03-27 10:44:31,284 | ERROR | \u274c Script failed: C:\AttendanceAutomation\whatsapp_sender.py | Command '['python', 'C:\\AttendanceAutomation\\whatsapp_sender.py']' returned non-zero exit status 3221225786.
2026-03-27 10:44:31,285 | ERROR | \u26a0\ufe0f WhatsApp send failed.
2026-03-27 10:44:33,286 | INFO | \u267b\ufe0f Reset processed file list (folder empty)
2026-03-27 10:48:09,381 | INFO | \U0001f4c4 Detected file: attendance_combined.xlsx
2026-03-27 10:48:17,043 | INFO | \u2705 Message generated.
2026-03-27 10:48:27,044 | ERROR | \u26a0\ufe0f Could not delete input file: [WinError 2] The system cannot find the file specified: 'C:\\AttendanceAutomation\\Input\\attendance_combined.xlsx'
2026-03-27 10:48:56,059 | ERROR | \u274c Script failed: C:\AttendanceAutomation\whatsapp_sender.py | Command '['python', 'C:\\AttendanceAutomation\\whatsapp_sender.py']' returned non-zero exit status 3221225786.
2026-03-27 10:48:56,059 | ERROR | \u26a0\ufe0f WhatsApp send failed.
2026-03-27 10:48:58,060 | INFO | \u267b\ufe0f Reset processed file list (folder empty)
2026-03-27 10:54:10,197 | INFO | \U0001f4c4 Detected file: attendance_combined.xlsx
2026-03-27 10:54:17,903 | INFO | \u2705 Message generated.
2026-03-27 10:54:27,904 | ERROR | \u26a0\ufe0f Could not delete input file: [WinError 2] The system cannot find the file specified: 'C:\\AttendanceAutomation\\Input\\attendance_combined.xlsx'
2026-03-27 10:55:28,289 | INFO | \u2705 WhatsApp message sent.
2026-03-27 10:55:30,290 | INFO | \u267b\ufe0f Reset processed file list (folder empty)
2026-03-27 11:04:14,474 | INFO | \U0001f4c4 Detected file: attendance_combined.xlsx
2026-03-27 11:04:21,617 | INFO | \u2705 Message generated.
2026-03-27 11:04:31,617 | ERROR | \u26a0\ufe0f Could not delete input file: [WinError 2] The system cannot find the file specified: 'C:\\AttendanceAutomation\\Input\\attendance_combined.xlsx'
2026-03-27 11:05:19,601 | ERROR | \u274c Script failed: C:\AttendanceAutomation\whatsapp_sender.py | Command '['python', 'C:\\AttendanceAutomation\\whatsapp_sender.py']' returned non-zero exit status 3221225786.
2026-03-27 11:05:19,602 | ERROR | \u26a0\ufe0f WhatsApp send failed.
2026-03-27 11:05:21,602 | INFO | \u267b\ufe0f Reset processed file list (folder empty)
2026-03-27 11:11:23,721 | INFO | \U0001f4c4 Detected file: attendance_combined.xlsx
2026-03-27 11:11:31,672 | INFO | \u2705 Message generated.
2026-03-27 11:11:41,673 | ERROR | \u26a0\ufe0f Could not delete input file: [WinError 2] The system cannot find the file specified: 'C:\\AttendanceAutomation\\Input\\attendance_combined.xlsx'
2026-03-27 11:12:05,540 | ERROR | \u274c Script failed: C:\AttendanceAutomation\whatsapp_sender.py | Command '['python', 'C:\\AttendanceAutomation\\whatsapp_sender.py']' returned non-zero exit status 3221225786.
2026-03-27 11:12:05,541 | ERROR | \u26a0\ufe0f WhatsApp send failed.
2026-03-27 11:12:07,541 | INFO | \u267b\ufe0f Reset processed file list (folder empty)
2026-03-27 11:32:49,956 | INFO | \U0001f4c4 Detected file: attendance_combined.xlsx
2026-03-27 11:32:57,203 | INFO | \u2705 Message generated.
2026-03-27 11:33:07,204 | ERROR | \u26a0\ufe0f Could not delete input file: [WinError 2] The system cannot find the file specified: 'C:\\AttendanceAutomation\\Input\\attendance_combined.xlsx'
2026-03-27 11:34:09,056 | INFO | \u2705 WhatsApp message sent.
2026-03-27 11:34:11,057 | INFO | \u267b\ufe0f Reset processed file list (folder empty)
2026-03-27 12:02:01,609 | INFO | \U0001f4c4 Detected file: attendance_combined.xlsx
2026-03-27 12:02:08,797 | INFO | \u2705 Message generated.
2026-03-27 12:02:18,798 | ERROR | \u26a0\ufe0f Could not delete input file: [WinError 2] The system cannot find the file specified: 'C:\\AttendanceAutomation\\Input\\attendance_combined.xlsx'
2026-03-27 12:03:19,953 | INFO | \u2705 WhatsApp message sent.
2026-03-27 12:03:21,954 | INFO | \u267b\ufe0f Reset processed file list (folder empty)
2026-03-27 13:57:06,168 | INFO | \U0001f4c4 Detected file: attendance_combined.xlsx
2026-03-27 13:57:14,815 | INFO | \u2705 Message generated.
2026-03-27 13:57:24,817 | ERROR | \u26a0\ufe0f Could not delete input file: [WinError 2] The system cannot find the file specified: 'C:\\AttendanceAutomation\\Input\\attendance_combined.xlsx'
2026-03-27 13:58:25,879 | INFO | \u2705 WhatsApp message sent.
2026-03-27 13:58:27,881 | INFO | \u267b\ufe0f Reset processed file list (folder empty)
2026-03-27 14:27:16,548 | INFO | \U0001f4c4 Detected file: attendance_combined.xlsx
2026-03-27 14:27:24,409 | INFO | \u2705 Message generated.
2026-03-27 14:27:34,414 | ERROR | \u26a0\ufe0f Could not delete input file: [WinError 2] The system cannot find the file specified: 'C:\\AttendanceAutomation\\Input\\attendance_combined.xlsx'
2026-03-27 14:27:58,401 | ERROR | \u274c Script failed: C:\AttendanceAutomation\whatsapp_sender.py | Command '['python', 'C:\\AttendanceAutomation\\whatsapp_sender.py']' returned non-zero exit status 3221225786.
2026-03-27 14:27:58,403 | ERROR | \u26a0\ufe0f WhatsApp send failed.
2026-03-27 14:28:00,403 | INFO | \u267b\ufe0f Reset processed file list (folder empty)
2026-03-27 22:41:09,432 | INFO | \U0001f4c4 Detected file: attendance_combined.xlsx
2026-03-27 22:41:17,086 | INFO | \u2705 Message generated.
2026-03-27 22:41:27,088 | ERROR | \u26a0\ufe0f Could not delete input file: [WinError 2] The system cannot find the file specified: 'C:\\AttendanceAutomation\\Input\\attendance_combined.xlsx'
2026-03-27 22:41:52,249 | ERROR | \u274c Script failed: C:\AttendanceAutomation\whatsapp_sender.py | Command '['python', 'C:\\AttendanceAutomation\\whatsapp_sender.py']' returned non-zero exit status 3221225786.
2026-03-27 22:41:52,249 | ERROR | \u26a0\ufe0f WhatsApp send failed.
2026-03-27 22:41:54,250 | INFO | \u267b\ufe0f Reset processed file list (folder empty)
2026-03-28 09:43:11,201 | INFO | \U0001f4c4 Detected file: attendance_combined.xlsx
2026-03-28 09:43:21,507 | INFO | \u2705 Message generated.
2026-03-28 09:43:31,508 | ERROR | \u26a0\ufe0f Could not delete input file: [WinError 2] The system cannot find the file specified: 'C:\\AttendanceAutomation\\Input\\attendance_combined.xlsx'
2026-03-28 09:45:17,900 | INFO | \u2705 WhatsApp message sent.
2026-03-28 09:45:19,905 | INFO | \u267b\ufe0f Reset processed file list (folder empty)
2026-03-28 13:18:56,340 | INFO | \U0001f4c4 Detected file: attendance_combined.xlsx
2026-03-28 13:19:06,123 | INFO | \u2705 Message generated.
2026-03-28 13:19:16,124 | ERROR | \u26a0\ufe0f Could not delete input file: [WinError 2] The system cannot find the file specified: 'C:\\AttendanceAutomation\\Input\\attendance_combined.xlsx'
2026-03-28 13:20:18,515 | INFO | \u2705 WhatsApp message sent.
2026-03-28 13:20:20,516 | INFO | \u267b\ufe0f Reset processed file list (folder empty)
2026-03-28 13:54:03,254 | INFO | \U0001f4c4 Detected file: attendance_combined.xlsx
2026-03-28 13:54:10,663 | INFO | \u2705 Message generated.
2026-03-28 13:54:20,665 | ERROR | \u26a0\ufe0f Could not delete input file: [WinError 2] The system cannot find the file specified: 'C:\\AttendanceAutomation\\Input\\attendance_combined.xlsx'
2026-03-28 13:54:44,359 | ERROR | \u274c Script failed: C:\AttendanceAutomation\whatsapp_sender.py | Command '['python', 'C:\\AttendanceAutomation\\whatsapp_sender.py']' returned non-zero exit status 3221225786.
2026-03-28 13:54:44,361 | ERROR | \u26a0\ufe0f WhatsApp send failed.
2026-03-28 13:54:46,361 | INFO | \u267b\ufe0f Reset processed file list (folder empty)
2026-04-01 06:34:56,415 | INFO | \U0001f4c2 Watching for Excel/CSV files...
2026-04-01 10:00:38,739 | INFO | \U0001f4c4 Detected file: attendance_combined.xlsx
2026-04-01 10:00:48,023 | INFO | \u2705 Message generated.
2026-04-01 10:00:58,025 | ERROR | \u26a0\ufe0f Could not delete input file: [WinError 2] The system cannot find the file specified: 'C:\\AttendanceAutomation\\Input\\attendance_combined.xlsx'
2026-04-01 10:02:00,435 | INFO | \u2705 WhatsApp message sent.
2026-04-01 10:02:02,441 | INFO | \u267b\ufe0f Reset processed file list (folder empty)
2026-04-01 10:13:30,678 | INFO | \U0001f4c4 Detected file: attendance_combined.xlsx
2026-04-01 10:13:37,769 | INFO | \u2705 Message generated.
2026-04-01 10:13:47,770 | ERROR | \u26a0\ufe0f Could not delete input file: [WinError 2] The system cannot find the file specified: 'C:\\AttendanceAutomation\\Input\\attendance_combined.xlsx'
2026-04-01 10:14:49,144 | INFO | \u2705 WhatsApp message sent.
2026-04-01 10:14:51,146 | INFO | \u267b\ufe0f Reset processed file list (folder empty)
2026-04-01 10:30:51,516 | INFO | \U0001f4c4 Detected file: attendance_combined.xlsx
2026-04-01 10:30:58,507 | INFO | \u2705 Message generated.
2026-04-01 10:31:08,507 | ERROR | \u26a0\ufe0f Could not delete input file: [WinError 2] The system cannot find the file specified: 'C:\\AttendanceAutomation\\Input\\attendance_combined.xlsx'
2026-04-01 10:32:09,047 | INFO | \u2705 WhatsApp message sent.
2026-04-01 10:32:11,049 | INFO | \u267b\ufe0f Reset processed file list (folder empty)
2026-04-01 10:42:57,278 | INFO | \U0001f4c4 Detected file: attendance_combined.xlsx
2026-04-01 10:43:04,699 | INFO | \u2705 Message generated.
2026-04-01 10:43:14,700 | ERROR | \u26a0\ufe0f Could not delete input file: [WinError 2] The system cannot find the file specified: 'C:\\AttendanceAutomation\\Input\\attendance_combined.xlsx'
2026-04-01 10:44:15,947 | INFO | \u2705 WhatsApp message sent.
2026-04-01 10:44:17,948 | INFO | \u267b\ufe0f Reset processed file list (folder empty)
2026-04-01 10:51:40,100 | INFO | \U0001f4c4 Detected file: attendance_combined.xlsx
2026-04-01 10:51:47,736 | INFO | \u2705 Message generated.
2026-04-01 10:51:57,737 | ERROR | \u26a0\ufe0f Could not delete input file: [WinError 2] The system cannot find the file specified: 'C:\\AttendanceAutomation\\Input\\attendance_combined.xlsx'
2026-04-01 10:52:58,435 | INFO | \u2705 WhatsApp message sent.
2026-04-01 10:53:00,436 | INFO | \u267b\ufe0f Reset processed file list (folder empty)
2026-04-01 14:13:58,387 | INFO | \U0001f4c4 Detected file: attendance_combined.xlsx
2026-04-01 14:14:05,756 | INFO | \u2705 Message generated.
2026-04-01 14:14:15,758 | ERROR | \u26a0\ufe0f Could not delete input file: [WinError 2] The system cannot find the file specified: 'C:\\AttendanceAutomation\\Input\\attendance_combined.xlsx'
2026-04-01 14:14:38,344 | ERROR | \u274c Script failed: C:\AttendanceAutomation\whatsapp_sender.py | Command '['python', 'C:\\AttendanceAutomation\\whatsapp_sender.py']' returned non-zero exit status 3221225786.
2026-04-01 14:14:38,345 | ERROR | \u26a0\ufe0f WhatsApp send failed.
2026-04-01 14:14:40,345 | INFO | \u267b\ufe0f Reset processed file list (folder empty)
2026-04-01 16:20:22,850 | INFO | \U0001f4c4 Detected file: attendance_combined.xlsx
2026-04-01 16:20:30,197 | INFO | \u2705 Message generated.
2026-04-01 16:20:40,198 | ERROR | \u26a0\ufe0f Could not delete input file: [WinError 2] The system cannot find the file specified: 'C:\\AttendanceAutomation\\Input\\attendance_combined.xlsx'
2026-04-01 16:21:03,312 | ERROR | \u274c Script failed: C:\AttendanceAutomation\whatsapp_sender.py | Command '['python', 'C:\\AttendanceAutomation\\whatsapp_sender.py']' returned non-zero exit status 3221225786.
2026-04-01 16:21:03,312 | ERROR | \u26a0\ufe0f WhatsApp send failed.
2026-04-01 16:21:05,314 | INFO | \u267b\ufe0f Reset processed file list (folder empty)
2026-04-02 09:54:37,804 | INFO | \U0001f4c4 Detected file: attendance_combined.xlsx
2026-04-02 09:54:46,932 | INFO | \u2705 Message generated.
2026-04-02 09:54:56,933 | ERROR | \u26a0\ufe0f Could not delete input file: [WinError 2] The system cannot find the file specified: 'C:\\AttendanceAutomation\\Input\\attendance_combined.xlsx'
2026-04-02 09:56:29,504 | INFO | \u2705 WhatsApp message sent.
2026-04-02 09:56:31,517 | INFO | \u267b\ufe0f Reset processed file list (folder empty)
2026-04-02 10:06:41,770 | INFO | \U0001f4c4 Detected file: attendance_combined.xlsx
2026-04-02 10:06:49,813 | INFO | \u2705 Message generated.
2026-04-02 10:06:59,814 | ERROR | \u26a0\ufe0f Could not delete input file: [WinError 2] The system cannot find the file specified: 'C:\\AttendanceAutomation\\Input\\attendance_combined.xlsx'
2026-04-02 10:08:01,015 | INFO | \u2705 WhatsApp message sent.
2026-04-02 10:08:03,016 | INFO | \u267b\ufe0f Reset processed file list (folder empty)
